__row_id,transaksi_sample_id,produk_sample_id,koperasi_ref,kode_barcode,tanggal_keluar,status,nama_produk,nama_tampilan,jumlah_keluar,harga,total_nilai,status_transaksi,dibuat_pada,diperbarui_pada
1,TRX-FC371ADC2B6C,PROD-D86E8F0A8D33,KOP-AC0D0FFB3A40,,2025-03-28 01:54:55,Sales,produk,produk,5,42197,210985,Paid,2025-06-09 05:43:52,2025-02-20 02:58:13
2,TRX-63B82C7B3EE4,PROD-800E3775D5F0,KOP-AC0D0FFB3A40,,2026-03-17 04:02:14,Sales,produk,produk,3,12459,37377,Paid,2025-10-18 21:35:43,2026-05-14 19:11:06
3,TRX-C08B77E9D7C6,PROD-2850A25742D8,KOP-AC0D0FFB3A40,,2025-05-21 09:18:11,Sales,produk,produk,2,24753,49506,Paid,2025-10-24 11:56:47,2025-05-03 00:16:53
4,TRX-A6E8E4628563,PROD-800E3775D5F0,KOP-AC0D0FFB3A40,,2025-03-15 14:27:24,Sales,produk,produk,3,48781,146343,Paid,2025-02-13 15:52:56,2025-01-20 16:44:20
5,TRX-8035BD52853D,PROD-16D0A56C8774,KOP-AC0D0FFB3A40,,2025-11-29 06:15:27,Sales,produk,produk,1,31544,31544,Paid,2026-04-17 13:10:28,2025-04-01 15:54:00
6,TRX-B8F741F38570,PROD-D86E8F0A8D33,KOP-AC0D0FFB3A40,,2025-06-22 02:46:51,Sales,produk,produk,3,19520,58560,Paid,2026-06-07 23:03:18,2025-04-27 19:19:07
7,TRX-F773C9B83024,PROD-320684DEE085,KOP-AC0D0FFB3A40,,2025-06-06 23:51:58,Sales,produk,produk,2,17928,35856,Paid,2025-03-19 06:26:58,2026-05-21 16:53:31
8,TRX-441F0943B6F9,PROD-F5D75A667FA4,KOP-AC0D0FFB3A40,,2025-10-09 21:31:58,Sales,produk,produk,3,33980,101940,Paid,2025-02-27 12:48:49,2026-06-04 02:42:04
9,TRX-B32D92D64619,PROD-16D0A56C8774,KOP-AC0D0FFB3A40,,2026-06-04 13:59:54,Sales,produk,produk,5,45305,226525,Paid,2026-04-19 21:07:44,2025-02-12 16:22:27
10,TRX-74C143F408CE,PROD-16D0A56C8774,KOP-AC0D0FFB3A40,,2026-06-01 23:31:29,Sales,produk,produk,1,27507,27507,Paid,2025-06-26 01:25:30,2025-09-11 15:56:17
11,TRX-56FE06B4A005,PROD-2D520FD12089,KOP-AC0D0FFB3A40,,2025-02-23 22:58:11,Sales,produk,produk,5,27175,135875,Paid,2025-12-09 02:23:59,2025-12-04 03:26:27
12,TRX-386FE32D9D83,PROD-4883A6E9F429,KOP-AC0D0FFB3A40,,2026-02-06 04:41:41,Sales,produk,produk,3,27925,83775,Paid,2025-03-28 11:16:17,2026-01-21 23:25:43
13,TRX-FF0C4B55E5A9,PROD-D86E8F0A8D33,KOP-AC0D0FFB3A40,,2025-08-08 12:26:31,Sales,produk,produk,2,25241,50482,Paid,2026-05-13 06:59:26,2025-08-20 05:00:30
14,TRX-0619D00EE433,PROD-E81F4187832C,KOP-5B98A03D10CB,,2026-06-08 04:07:18,Sales,produk,produk,5,37460,187300,Paid,2025-04-27 09:45:12,2026-01-11 19:44:06
15,TRX-FDAC297CBDBC,PROD-E4F298004C46,KOP-5B98A03D10CB,,2025-12-23 03:10:01,Sales,produk,produk,3,34473,103419,Paid,2026-03-26 04:16:26,2025-08-31 07:38:29
16,TRX-EF7CA76E7487,PROD-EDE118483979,KOP-5B98A03D10CB,,2025-12-26 19:22:47,Sales,produk,produk,5,8890,44450,Paid,2025-10-15 21:43:51,2025-06-22 11:47:01
17,TRX-4AA646E9BAC7,PROD-E4F298004C46,KOP-5B98A03D10CB,,2025-05-16 09:05:25,Sales,produk,produk,2,23174,46348,Paid,2025-05-30 11:43:37,2025-09-11 14:17:52
18,TRX-F63AD4EEF409,PROD-871533664E03,KOP-5B98A03D10CB,,2026-06-12 10:07:47,Sales,produk,produk,4,11101,44404,Paid,2026-01-13 16:33:17,2026-05-15 11:54:58
19,TRX-E54E127F7808,PROD-12D8333FDA58,KOP-5B98A03D10CB,,2025-10-02 11:45:18,Sales,produk,produk,4,18883,75532,Paid,2025-10-18 12:17:50,2025-05-14 20:36:45
20,TRX-D7CBCA224A87,PROD-E4A70DD0639B,KOP-5B98A03D10CB,,2026-04-13 00:01:28,Sales,produk,produk,4,15353,61412,Paid,2026-03-15 07:21:58,2025-05-16 23:39:56
21,TRX-C5D6C8B39154,PROD-871533664E03,KOP-5B98A03D10CB,,2025-02-23 14:25:49,Sales,produk,produk,2,47527,95054,Paid,2025-11-09 08:31:29,2026-03-16 23:51:55
22,TRX-B1D83905018A,PROD-26E4EFE21A0D,KOP-67F3AA4F6100,,2025-10-20 07:05:25,Sales,produk,produk,5,18219,91095,Paid,2025-02-04 21:49:39,2026-06-07 18:46:48
23,TRX-403A6E72C851,PROD-A7E5325B37D7,KOP-67F3AA4F6100,,2025-12-28 14:23:12,Sales,produk,produk,4,23083,92332,Paid,2026-02-20 21:20:18,2025-07-25 18:51:01
24,TRX-5291F884299E,PROD-B9E53DE961CD,KOP-67F3AA4F6100,,2026-02-18 20:55:54,Sales,produk,produk,4,17748,70992,Paid,2025-01-05 09:30:23,2025-06-29 14:49:23
25,TRX-8C1EFCADD7AC,PROD-C2A447F1B15B,KOP-67F3AA4F6100,,2025-09-14 16:07:14,Sales,produk,produk,3,38638,115914,Paid,2026-01-22 20:30:15,2026-05-11 08:51:26
26,TRX-DE3508FFA6BA,PROD-0774FF166E6C,KOP-67F3AA4F6100,,2025-08-24 11:29:43,Sales,produk,produk,2,46527,93054,Paid,2026-02-27 12:51:21,2026-06-13 19:30:08
27,TRX-A88DAFED85B1,PROD-8CF7F51E59A3,KOP-67F3AA4F6100,,2025-11-18 12:52:18,Sales,produk,produk,4,16697,66788,Paid,2025-08-12 20:53:17,2025-10-03 06:39:17
28,TRX-ED57E8021BA0,PROD-CE1D45C8F9B0,KOP-67F3AA4F6100,,2025-12-31 05:40:46,Sales,produk,produk,2,18288,36576,Paid,2025-04-20 04:21:52,2025-03-22 17:56:14
29,TRX-83AE42435E68,PROD-B9E53DE961CD,KOP-67F3AA4F6100,,2025-07-07 18:36:35,Sales,produk,produk,4,23004,92016,Paid,2025-10-14 14:29:10,2025-08-16 20:59:44
30,TRX-E3EC79995194,PROD-3FE232834C55,KOP-67F3AA4F6100,,2026-04-14 04:22:56,Sales,produk,produk,2,30802,61604,Paid,2026-06-15 16:45:02,2025-11-20 00:18:23
31,TRX-E990597C36A1,PROD-8CF7F51E59A3,KOP-67F3AA4F6100,,2025-10-03 17:09:40,Sales,produk,produk,2,22226,44452,Paid,2025-12-18 13:19:22,2025-07-08 18:09:34
32,TRX-A7A969A416E3,PROD-9E1650AAD405,KOP-67F3AA4F6100,,2025-08-23 03:38:10,Sales,produk,produk,2,42447,84894,Paid,2025-10-04 08:35:07,2026-03-19 13:52:03
33,TRX-E679390AFA64,PROD-2EEA6D78D4AE,KOP-27EE7AE77F46,,2026-05-18 11:34:09,Sales,produk,produk,2,30848,61696,Paid,2026-06-08 02:02:26,2026-01-05 14:28:28
34,TRX-19D6DCDEB7C0,PROD-4EE337F0F7F9,KOP-27EE7AE77F46,,2025-03-31 07:51:11,Sales,produk,produk,4,25190,100760,Paid,2026-03-31 15:07:54,2026-03-30 10:30:31
35,TRX-FBFF8667B6C7,PROD-B2863D5DC17A,KOP-27EE7AE77F46,,2025-03-09 21:30:21,Sales,produk,produk,3,39426,118278,Paid,2026-01-20 03:13:13,2025-01-07 14:54:28
36,TRX-2D36E0BF0C1F,PROD-E91518E34825,KOP-27EE7AE77F46,,2026-05-18 01:32:15,Sales,produk,produk,3,30019,90057,Paid,2025-11-06 21:18:24,2025-11-08 17:59:22
37,TRX-F00EA5644AD2,PROD-5D364E47C007,KOP-27EE7AE77F46,,2025-05-08 23:48:16,Sales,produk,produk,4,46717,186868,Paid,2025-10-22 15:11:17,2025-07-03 17:54:32
38,TRX-E05C19D0CFF3,PROD-BCAB2E8BD7CF,KOP-27EE7AE77F46,,2026-05-08 20:35:30,Sales,produk,produk,5,28708,143540,Paid,2026-03-23 09:23:24,2026-05-03 04:21:14
39,TRX-F949C5A03691,PROD-4EE337F0F7F9,KOP-27EE7AE77F46,,2026-01-01 05:56:45,Sales,produk,produk,2,35214,70428,Paid,2025-02-24 09:55:39,2026-01-05 15:16:26
40,TRX-35679979E9F8,PROD-E4B5C0FDBCEE,KOP-27EE7AE77F46,,2025-04-07 21:48:00,Sales,produk,produk,2,46158,92316,Paid,2025-06-21 19:47:45,2025-11-27 11:30:46
41,TRX-A9B12C583903,PROD-B4BED6541E84,KOP-27EE7AE77F46,,2025-10-16 13:34:51,Sales,produk,produk,5,13975,69875,Paid,2026-05-12 15:00:00,2025-12-15 05:56:08
42,TRX-702B58A3821E,PROD-BCAB2E8BD7CF,KOP-27EE7AE77F46,,2026-03-04 16:45:57,Sales,produk,produk,1,41117,41117,Paid,2025-03-20 04:14:38,2025-05-15 00:37:57
43,TRX-AC66688A647C,PROD-E91518E34825,KOP-27EE7AE77F46,,2025-05-02 08:05:44,Sales,produk,produk,1,24967,24967,Paid,2025-05-12 05:10:59,2025-08-21 11:11:35
44,TRX-2417A58749B0,PROD-C4726E00861E,KOP-27EE7AE77F46,,2025-02-13 07:08:56,Sales,produk,produk,4,36736,146944,Paid,2025-04-21 01:11:38,2026-06-10 21:35:48
45,TRX-D84148A556DA,PROD-C4726E00861E,KOP-27EE7AE77F46,,2025-07-30 21:23:38,Sales,produk,produk,1,11324,11324,Paid,2025-07-24 06:43:39,2025-12-26 01:03:55
46,TRX-4C61854FD05D,PROD-57D87D5F7BE1,KOP-FF3354FE674F,,2026-01-19 08:41:05,Sales,produk,produk,2,18221,36442,Paid,2025-07-24 03:19:38,2025-01-17 15:21:10
47,TRX-146808B4E63E,PROD-EF106E55E8CA,KOP-FF3354FE674F,,2026-06-09 03:55:14,Sales,produk,produk,4,7884,31536,Paid,2025-12-01 11:44:54,2025-07-14 22:44:37
48,TRX-A4501B070D7A,PROD-2C0D1128B1CB,KOP-FF3354FE674F,,2026-02-16 23:48:40,Sales,produk,produk,1,16378,16378,Paid,2025-11-20 00:26:10,2026-02-03 07:44:47
49,TRX-9920A3EA2FFC,PROD-57D87D5F7BE1,KOP-FF3354FE674F,,2026-05-27 03:42:24,Sales,produk,produk,5,24761,123805,Paid,2025-06-25 09:10:22,2025-04-08 21:50:25
50,TRX-45F42ED0206C,PROD-9C3F44218E3D,KOP-FF3354FE674F,,2026-04-05 13:55:18,Sales,produk,produk,1,26961,26961,Paid,2026-06-08 23:19:23,2025-08-27 18:19:44
51,TRX-42C057658F52,PROD-526EB4654966,KOP-FF3354FE674F,,2025-03-03 05:00:29,Sales,produk,produk,1,45616,45616,Paid,2026-01-19 18:09:29,2025-10-31 07:21:18
52,TRX-C74A08C038CC,PROD-EF106E55E8CA,KOP-FF3354FE674F,,2025-02-10 18:57:51,Sales,produk,produk,3,23227,69681,Paid,2026-03-01 23:35:40,2025-10-23 00:51:45
53,TRX-F983B63C9E50,PROD-896F42A94D2C,KOP-FF3354FE674F,,2026-01-26 18:59:10,Sales,produk,produk,5,19578,97890,Paid,2025-11-26 06:40:57,2026-03-29 22:55:46
54,TRX-33C057F255B9,PROD-EF106E55E8CA,KOP-FF3354FE674F,,2025-07-29 08:36:13,Sales,produk,produk,2,11013,22026,Paid,2026-06-04 02:50:45,2026-03-13 17:00:20
55,TRX-4431925F101D,PROD-8F93AD1D10A9,KOP-FF3354FE674F,,2025-07-26 09:53:53,Sales,produk,produk,4,42776,171104,Paid,2026-05-08 02:54:47,2026-01-04 14:29:58
56,TRX-759ACA9B9036,PROD-8613F114D538,KOP-FF3354FE674F,,2026-03-14 03:01:49,Sales,produk,produk,4,6298,25192,Paid,2025-11-04 21:40:11,2025-06-06 20:07:43
57,TRX-BFB8514E5865,PROD-EF2F88704D34,KOP-FF3354FE674F,,2025-03-15 12:07:57,Sales,produk,produk,4,44716,178864,Paid,2025-05-20 17:05:06,2025-07-20 05:38:00
58,TRX-A7260443D03E,PROD-2C0D1128B1CB,KOP-FF3354FE674F,,2025-11-12 23:20:23,Sales,produk,produk,4,30168,120672,Paid,2025-03-14 14:53:00,2025-02-09 04:31:55
59,TRX-81931A0F5D05,PROD-FBCBDE664F9B,KOP-54442CE443AF,,2026-06-20 12:25:49,Sales,produk,produk,5,38836,194180,Paid,2026-04-04 04:46:36,2025-12-14 10:35:21
60,TRX-4C9F0DA615A7,PROD-FBCBDE664F9B,KOP-54442CE443AF,,2025-04-10 00:32:38,Sales,produk,produk,4,46142,184568,Paid,2025-05-27 11:16:12,2025-03-31 18:09:53
61,TRX-3DFE461C6FF9,PROD-FBCBDE664F9B,KOP-54442CE443AF,,2025-04-02 02:35:23,Sales,produk,produk,3,28811,86433,Paid,2025-07-03 16:46:30,2025-09-22 17:13:51
62,TRX-41D81C049568,PROD-FF67A767A572,KOP-54442CE443AF,,2026-02-23 22:33:43,Sales,produk,produk,4,23784,95136,Paid,2025-05-13 16:03:00,2026-01-11 18:39:31
63,TRX-A7224429CB84,PROD-79B9FA2BC7A5,KOP-54442CE443AF,,2025-02-28 08:54:48,Sales,produk,produk,5,7796,38980,Paid,2025-01-09 05:37:38,2025-04-18 10:34:57
64,TRX-00C4A6673994,PROD-79B9FA2BC7A5,KOP-54442CE443AF,,2026-04-23 17:03:25,Sales,produk,produk,3,11127,33381,Paid,2026-04-22 03:58:22,2025-03-29 06:33:48
65,TRX-4F982BFE36D4,PROD-FF67A767A572,KOP-54442CE443AF,,2025-08-06 17:20:19,Sales,produk,produk,4,44607,178428,Paid,2025-04-28 10:08:07,2026-04-11 01:23:37
66,TRX-39B44A9C9E97,PROD-F2B585FCBC5D,KOP-B75BA893E859,,2026-06-18 04:35:38,Sales,produk,produk,4,32951,131804,Paid,2026-04-10 10:44:18,2025-04-23 04:22:00
67,TRX-39FB97A2F125,PROD-37A7DDCF9C01,KOP-B75BA893E859,,2025-03-18 11:54:35,Sales,produk,produk,2,10181,20362,Paid,2025-06-10 18:27:41,2025-12-10 10:03:10
68,TRX-1CEC2F92F1A8,PROD-37A7DDCF9C01,KOP-B75BA893E859,,2025-02-06 23:06:04,Sales,produk,produk,5,17477,87385,Paid,2025-01-09 08:57:12,2025-05-21 21:20:53
69,TRX-1283D781FC11,PROD-E13ED06E39E6,KOP-B75BA893E859,,2025-05-15 07:13:47,Sales,produk,produk,3,37553,112659,Paid,2025-04-01 18:47:53,2025-08-08 00:06:59
70,TRX-C51F45995097,PROD-F2B585FCBC5D,KOP-B75BA893E859,,2025-08-29 23:13:06,Sales,produk,produk,5,29922,149610,Paid,2025-12-24 17:37:49,2026-06-28 23:55:06
71,TRX-748B304A759D,PROD-37A7DDCF9C01,KOP-B75BA893E859,,2025-10-30 03:30:52,Sales,produk,produk,4,40613,162452,Paid,2025-08-13 04:05:28,2025-10-22 15:16:37
72,TRX-9E9FDF1D0E17,PROD-E13ED06E39E6,KOP-B75BA893E859,,2026-02-12 04:39:44,Sales,produk,produk,3,12440,37320,Paid,2026-05-11 17:48:37,2026-02-26 08:33:03
73,TRX-54F06B98181F,PROD-E13ED06E39E6,KOP-B75BA893E859,,2026-02-05 16:05:27,Sales,produk,produk,4,25815,103260,Paid,2026-03-12 14:30:55,2025-09-24 01:59:20
74,TRX-9D2E64807D3C,PROD-4E4BE75EA1BC,KOP-B75BA893E859,,2025-07-31 22:45:57,Sales,produk,produk,2,42519,85038,Paid,2025-04-23 22:19:46,2025-12-04 04:42:16
75,TRX-2DE5105EDFBC,PROD-19DA84BAB155,KOP-B75BA893E859,,2026-06-16 07:39:45,Sales,produk,produk,1,47921,47921,Paid,2026-01-06 19:29:45,2025-07-23 05:42:57
76,TRX-5D1F88DF78B1,PROD-4E4BE75EA1BC,KOP-B75BA893E859,,2025-01-14 01:18:48,Sales,produk,produk,2,41238,82476,Paid,2025-01-21 19:10:16,2025-04-15 18:15:32
77,TRX-AA8CCC5BDEB0,PROD-E13ED06E39E6,KOP-B75BA893E859,,2025-10-06 04:30:06,Sales,produk,produk,1,21207,21207,Paid,2026-01-22 23:51:28,2026-02-15 04:46:35
78,TRX-3C34E017A498,PROD-E13ED06E39E6,KOP-B75BA893E859,,2025-06-05 03:28:44,Sales,produk,produk,5,40500,202500,Paid,2026-02-05 07:04:25,2025-11-16 11:47:11
79,TRX-02A6DB52C27F,PROD-6D3460329B0A,KOP-BDF249453F76,,2025-07-12 22:53:26,Sales,produk,produk,3,36709,110127,Paid,2026-02-20 16:27:38,2025-08-08 16:30:00
80,TRX-C5FAC5139E2D,PROD-6A31750CD23B,KOP-BDF249453F76,,2025-12-16 17:44:38,Sales,produk,produk,3,17210,51630,Paid,2026-04-13 03:30:48,2025-12-17 18:53:55
81,TRX-1CFD55611E76,PROD-010608E06554,KOP-BDF249453F76,,2025-05-04 20:02:30,Sales,produk,produk,1,34978,34978,Paid,2025-10-30 04:35:54,2025-12-22 11:10:43
82,TRX-17EC52066D10,PROD-010608E06554,KOP-BDF249453F76,,2025-01-18 07:14:01,Sales,produk,produk,2,14287,28574,Paid,2025-12-29 19:08:08,2025-06-05 20:29:38
83,TRX-14035DBB7E09,PROD-010608E06554,KOP-BDF249453F76,,2025-08-20 05:32:09,Sales,produk,produk,2,11562,23124,Paid,2026-03-11 07:21:42,2025-10-13 01:46:51
84,TRX-98A9551E4E65,PROD-B7D8C7B62B74,KOP-BDF249453F76,,2025-03-18 09:09:02,Sales,produk,produk,1,24660,24660,Paid,2025-11-16 07:36:01,2025-03-10 02:09:22
85,TRX-9E4D622E241D,PROD-B7D8C7B62B74,KOP-BDF249453F76,,2025-07-18 09:03:00,Sales,produk,produk,4,32460,129840,Paid,2025-12-25 02:34:04,2025-08-20 10:03:24
86,TRX-46FF257C34BD,PROD-177EB49412BD,KOP-9356583AAD08,,2025-02-21 00:24:29,Sales,produk,produk,5,7044,35220,Paid,2025-10-08 00:00:01,2025-11-07 16:12:14
87,TRX-0175BB789E51,PROD-8B6F06D28D7B,KOP-9356583AAD08,,2025-10-14 15:12:00,Sales,produk,produk,1,29433,29433,Paid,2025-01-23 10:49:49,2025-02-05 04:22:18
88,TRX-0AA2CDA366FD,PROD-A843F38F181B,KOP-9356583AAD08,,2025-03-30 08:32:56,Sales,produk,produk,1,5940,5940,Paid,2026-04-12 21:06:32,2025-10-07 09:49:58
89,TRX-F32526C977C5,PROD-233572D74553,KOP-9356583AAD08,,2026-03-19 16:57:20,Sales,produk,produk,4,7435,29740,Paid,2026-02-27 06:22:20,2025-01-14 20:59:57
90,TRX-1EB029E85D34,PROD-8B6F06D28D7B,KOP-9356583AAD08,,2025-08-29 16:18:38,Sales,produk,produk,2,22823,45646,Paid,2025-01-02 23:40:20,2025-02-15 20:30:21
91,TRX-38DA702A5083,PROD-80B3138E0EBD,KOP-9356583AAD08,,2025-06-17 13:35:24,Sales,produk,produk,4,34901,139604,Paid,2026-01-16 20:03:43,2025-05-30 11:40:36
92,TRX-770E7BEFD872,PROD-177EB49412BD,KOP-9356583AAD08,,2026-05-22 19:44:36,Sales,produk,produk,2,24165,48330,Paid,2026-02-22 13:07:09,2026-03-19 03:08:50
93,TRX-8E6FC5B75643,PROD-72FFA0ED1302,KOP-5BEBDAD959DA,,2025-12-03 06:27:10,Sales,produk,produk,4,20390,81560,Paid,2025-07-25 00:31:02,2026-03-16 02:54:03
94,TRX-4580CEBD8B03,PROD-A9974E9B50DD,KOP-5BEBDAD959DA,,2026-03-02 05:53:35,Sales,produk,produk,3,24157,72471,Paid,2026-03-13 07:25:50,2025-06-17 13:09:33
95,TRX-AB510A42F0A4,PROD-91FEB1857B8B,KOP-5BEBDAD959DA,,2025-07-03 04:07:39,Sales,produk,produk,3,9324,27972,Paid,2026-04-08 12:17:20,2025-05-05 18:13:16
96,TRX-FC5F5D33136B,PROD-A37361A2D486,KOP-5BEBDAD959DA,,2025-06-30 14:07:20,Sales,produk,produk,3,11031,33093,Paid,2025-07-13 19:51:14,2025-09-14 00:39:49
97,TRX-4FDBE7488D5A,PROD-72FFA0ED1302,KOP-5BEBDAD959DA,,2026-05-06 22:59:41,Sales,produk,produk,2,40049,80098,Paid,2025-12-26 01:05:04,2025-12-15 14:10:23
98,TRX-24FE99784B80,PROD-A9974E9B50DD,KOP-5BEBDAD959DA,,2025-03-10 08:15:20,Sales,produk,produk,5,36681,183405,Paid,2026-05-22 20:17:47,2026-04-14 14:06:00
99,TRX-8542C2ABE69E,PROD-1E297A1AEE7F,KOP-5BEBDAD959DA,,2026-01-17 23:37:08,Sales,produk,produk,1,28292,28292,Paid,2025-12-13 15:07:44,2025-01-08 11:28:29
100,TRX-6F677B597F9E,PROD-A7C90C728BD1,KOP-5BEBDAD959DA,,2025-12-15 04:21:36,Sales,produk,produk,4,36026,144104,Paid,2025-02-03 23:13:54,2025-11-21 08:57:28
101,TRX-AB874DFBD307,PROD-523874E7B58E,KOP-5BEBDAD959DA,,2025-06-06 10:13:07,Sales,produk,produk,4,21926,87704,Paid,2025-12-15 15:00:05,2025-03-18 19:19:54
102,TRX-5C5C43FDD776,PROD-65B6F5EA902F,KOP-436D469B2466,,2025-12-25 13:51:12,Sales,produk,produk,3,17691,53073,Paid,2025-03-09 23:51:12,2025-01-02 07:48:50
103,TRX-57F7A3255A41,PROD-D891D228B611,KOP-436D469B2466,,2025-07-15 15:25:56,Sales,produk,produk,3,14298,42894,Paid,2026-01-03 20:00:49,2025-12-01 19:38:51
104,TRX-3AD0BCD75C69,PROD-4D1C4D5C2ADD,KOP-436D469B2466,,2025-05-25 17:32:37,Sales,produk,produk,1,15234,15234,Paid,2025-02-25 15:22:52,2025-05-07 13:10:24
105,TRX-B4A0BF23632B,PROD-65B6F5EA902F,KOP-436D469B2466,,2026-03-30 03:06:30,Sales,produk,produk,1,45594,45594,Paid,2026-03-18 15:31:02,2025-01-23 15:00:46
106,TRX-26C5B93592F6,PROD-2CA8F3835C5F,KOP-436D469B2466,,2025-01-08 08:04:36,Sales,produk,produk,2,22108,44216,Paid,2025-10-20 01:10:44,2025-09-13 02:08:07
107,TRX-05CCA8F98A0C,PROD-26DEE7D51899,KOP-436D469B2466,,2025-03-08 13:30:13,Sales,produk,produk,5,25202,126010,Paid,2026-03-30 21:29:08,2025-12-23 13:32:34
108,TRX-0F6287482CB2,PROD-2CA8F3835C5F,KOP-436D469B2466,,2025-01-03 04:01:31,Sales,produk,produk,4,35260,141040,Paid,2025-02-15 20:12:17,2025-03-02 04:18:53
109,TRX-4BB9FAF94FBA,PROD-26DEE7D51899,KOP-436D469B2466,,2025-04-03 17:48:12,Sales,produk,produk,3,31125,93375,Paid,2025-06-15 15:25:49,2026-06-13 01:33:06
110,TRX-AF42C82E3FBE,PROD-65B6F5EA902F,KOP-436D469B2466,,2025-12-17 02:12:49,Sales,produk,produk,1,6997,6997,Paid,2026-04-20 03:04:27,2025-07-20 18:30:32
111,TRX-0E4077048313,PROD-2CA8F3835C5F,KOP-436D469B2466,,2025-10-22 13:08:52,Sales,produk,produk,1,10223,10223,Paid,2026-06-28 10:01:56,2026-05-19 10:55:52
112,TRX-0B12EFEB1E39,PROD-DBBD3C565857,KOP-9731896E0A0B,,2025-06-25 02:27:30,Sales,produk,produk,1,16026,16026,Paid,2025-12-28 19:05:38,2025-05-08 19:00:52
113,TRX-C0D2DE7179B8,PROD-16511DCC052A,KOP-9731896E0A0B,,2026-01-16 12:05:57,Sales,produk,produk,2,33608,67216,Paid,2025-03-25 21:25:41,2025-11-17 20:42:56
114,TRX-6CF899E42365,PROD-DBBD3C565857,KOP-9731896E0A0B,,2025-08-31 17:25:50,Sales,produk,produk,3,8299,24897,Paid,2025-08-10 02:26:43,2026-01-20 22:09:37
115,TRX-4C636C04DC60,PROD-B186587DA768,KOP-9731896E0A0B,,2026-06-11 05:01:41,Sales,produk,produk,1,8500,8500,Paid,2025-06-22 17:21:31,2025-06-16 00:02:39
116,TRX-FB9E691353FC,PROD-A72E1C37AB0F,KOP-9731896E0A0B,,2025-03-02 09:10:25,Sales,produk,produk,2,13865,27730,Paid,2025-04-01 10:06:02,2025-10-13 17:44:28
117,TRX-929EA3ABCCB0,PROD-048F01A3433C,KOP-9731896E0A0B,,2025-05-10 22:50:21,Sales,produk,produk,1,17863,17863,Paid,2025-01-14 04:38:42,2025-02-06 23:05:05
118,TRX-DFCD7D5C654E,PROD-713957CCA539,KOP-F5BE80E71859,,2026-01-13 20:51:05,Sales,produk,produk,1,13770,13770,Paid,2025-06-11 05:29:39,2025-10-20 04:15:38
119,TRX-43B727C81552,PROD-713957CCA539,KOP-F5BE80E71859,,2026-03-23 08:53:49,Sales,produk,produk,2,31360,62720,Paid,2026-04-20 05:36:47,2026-02-23 06:16:31
120,TRX-C8E098ECFDDB,PROD-201D686415B8,KOP-F5BE80E71859,,2025-01-28 23:31:52,Sales,produk,produk,5,45861,229305,Paid,2025-12-14 03:32:06,2025-07-19 07:27:18
121,TRX-D0D84531E015,PROD-715D3862C605,KOP-F5BE80E71859,,2025-07-01 05:31:41,Sales,produk,produk,1,47098,47098,Paid,2025-04-07 06:17:41,2025-03-20 13:32:53
122,TRX-39F3FBA6FDC9,PROD-47FC07AE753A,KOP-F5BE80E71859,,2025-01-09 03:47:09,Sales,produk,produk,3,31310,93930,Paid,2025-04-23 19:19:38,2025-12-01 09:32:39
123,TRX-7A55E30CBC85,PROD-0E5ABAC80B57,KOP-F5BE80E71859,,2026-05-30 18:07:31,Sales,produk,produk,5,16643,83215,Paid,2026-03-29 23:14:20,2026-06-22 17:29:32
124,TRX-5196EEF40D6A,PROD-0E5ABAC80B57,KOP-F5BE80E71859,,2026-03-22 04:42:27,Sales,produk,produk,1,25368,25368,Paid,2025-08-11 10:47:02,2025-07-04 04:04:12
125,TRX-DAAF9CF0D189,PROD-D7D647DB2704,KOP-8D601754AAF5,,2025-06-05 08:33:34,Sales,produk,produk,5,30197,150985,Paid,2025-05-23 18:00:11,2025-07-26 16:37:46
126,TRX-0FE9E9D15E57,PROD-E5212237EAA1,KOP-8D601754AAF5,,2025-03-26 19:56:16,Sales,produk,produk,5,24674,123370,Paid,2026-03-12 17:28:38,2025-09-22 14:08:42
127,TRX-3C166C1E4A2F,PROD-00939F6794D6,KOP-8D601754AAF5,,2025-09-08 16:13:34,Sales,produk,produk,1,12781,12781,Paid,2025-03-26 03:29:58,2026-06-20 03:06:02
128,TRX-3EC686B11FAE,PROD-9A0E471060B6,KOP-8D601754AAF5,,2025-01-19 06:53:07,Sales,produk,produk,2,25253,50506,Paid,2025-09-24 00:26:17,2025-03-12 13:13:01
129,TRX-F87A30F46D53,PROD-E5212237EAA1,KOP-8D601754AAF5,,2025-09-14 10:19:03,Sales,produk,produk,5,29580,147900,Paid,2025-10-07 14:43:28,2026-03-19 16:04:43
130,TRX-F706E091BC7D,PROD-9A0E471060B6,KOP-8D601754AAF5,,2025-06-05 05:00:58,Sales,produk,produk,5,11003,55015,Paid,2025-08-16 18:41:24,2026-04-03 21:42:59
131,TRX-3B099C38824A,PROD-9A0E471060B6,KOP-8D601754AAF5,,2025-09-26 11:49:27,Sales,produk,produk,4,9589,38356,Paid,2025-05-20 17:01:25,2025-08-21 13:03:10
132,TRX-B3FF5DE35034,PROD-D7D647DB2704,KOP-8D601754AAF5,,2025-03-31 05:48:22,Sales,produk,produk,3,5551,16653,Paid,2025-04-07 20:23:22,2025-05-23 20:05:07
133,TRX-A62EDD43DBA6,PROD-E5212237EAA1,KOP-8D601754AAF5,,2025-01-19 10:26:39,Sales,produk,produk,5,27672,138360,Paid,2026-02-12 04:09:57,2025-02-02 02:12:53
134,TRX-943CC60AE0E5,PROD-D7D647DB2704,KOP-8D601754AAF5,,2025-09-06 19:01:08,Sales,produk,produk,2,10587,21174,Paid,2025-05-27 16:41:07,2025-03-30 01:04:42
135,TRX-6E8D3BF12148,PROD-0802901F7A4F,KOP-8D601754AAF5,,2026-06-30 13:37:35,Sales,produk,produk,3,6924,20772,Paid,2025-01-12 18:07:22,2026-03-16 15:50:45
136,TRX-387C48AB8F19,PROD-0802901F7A4F,KOP-8D601754AAF5,,2026-03-06 07:57:53,Sales,produk,produk,4,14458,57832,Paid,2025-11-04 13:56:16,2025-01-26 03:53:54
137,TRX-C705168484A2,PROD-0802901F7A4F,KOP-8D601754AAF5,,2025-06-02 09:26:49,Sales,produk,produk,4,25258,101032,Paid,2025-08-29 12:43:58,2026-03-08 03:01:28
138,TRX-C9D2DF9E5E89,PROD-00939F6794D6,KOP-8D601754AAF5,,2026-02-08 16:29:43,Sales,produk,produk,2,48789,97578,Paid,2025-01-04 18:32:46,2026-02-06 15:13:48
139,TRX-3ED16EEC61B1,PROD-767F81C09061,KOP-82FA8CDD09D6,,2025-08-26 01:07:40,Sales,produk,produk,3,20304,60912,Paid,2026-05-12 15:31:58,2026-03-15 22:09:34
140,TRX-9BCE16E6EA3B,PROD-C37105878325,KOP-82FA8CDD09D6,,2025-05-15 00:09:25,Sales,produk,produk,5,31365,156825,Paid,2025-03-29 17:15:09,2026-01-09 08:57:24
141,TRX-D599253D05C2,PROD-C37105878325,KOP-82FA8CDD09D6,,2025-10-25 00:14:41,Sales,produk,produk,2,36476,72952,Paid,2025-11-14 09:01:33,2025-11-11 17:52:03
142,TRX-75307A3BAB4E,PROD-C37105878325,KOP-82FA8CDD09D6,,2025-01-14 01:53:13,Sales,produk,produk,1,31522,31522,Paid,2026-05-24 17:50:50,2026-05-23 07:09:09
143,TRX-F121F689722E,PROD-A55680DB14B0,KOP-82FA8CDD09D6,,2025-02-16 05:20:16,Sales,produk,produk,2,42722,85444,Paid,2025-12-08 22:38:48,2025-03-14 21:30:35
144,TRX-B996A09C00BC,PROD-C1E8C5174722,KOP-82FA8CDD09D6,,2025-11-14 10:00:52,Sales,produk,produk,3,17048,51144,Paid,2026-04-05 10:26:06,2025-01-01 09:51:51
145,TRX-3C1A2C601244,PROD-A55680DB14B0,KOP-82FA8CDD09D6,,2026-02-28 11:42:00,Sales,produk,produk,4,5336,21344,Paid,2025-03-20 22:08:51,2025-03-15 17:09:23
146,TRX-9272D046CDF0,PROD-767F81C09061,KOP-82FA8CDD09D6,,2025-12-22 02:51:23,Sales,produk,produk,5,40272,201360,Paid,2025-10-02 12:48:14,2026-01-28 07:00:42
147,TRX-CAF5C697D7E6,PROD-C37105878325,KOP-82FA8CDD09D6,,2025-04-08 11:41:08,Sales,produk,produk,1,40691,40691,Paid,2026-04-08 09:29:13,2025-10-05 22:32:33
148,TRX-E4BD78AA79B2,PROD-50912246A504,KOP-BF8E36AE042F,,2026-02-23 19:42:54,Sales,produk,produk,4,5224,20896,Paid,2025-03-02 09:54:04,2025-04-13 17:41:22
149,TRX-89C7837F1932,PROD-22132E1D0C24,KOP-BF8E36AE042F,,2025-12-26 05:52:26,Sales,produk,produk,1,12295,12295,Paid,2025-05-24 08:21:03,2025-05-27 20:06:19
150,TRX-5F14266FD44C,PROD-83DDCB4A611B,KOP-BF8E36AE042F,,2025-07-17 13:01:52,Sales,produk,produk,5,15193,75965,Paid,2025-11-01 01:09:47,2025-01-02 09:56:12
151,TRX-CECCE0BAF0D2,PROD-83DDCB4A611B,KOP-BF8E36AE042F,,2025-09-10 12:38:05,Sales,produk,produk,1,11670,11670,Paid,2025-01-31 11:26:51,2025-07-18 11:36:10
152,TRX-AD611AF8A557,PROD-C0F40DA5B3D7,KOP-BF8E36AE042F,,2026-05-17 20:15:44,Sales,produk,produk,3,48575,145725,Paid,2025-02-11 21:48:05,2026-04-21 19:05:06
153,TRX-F659B614E2F8,PROD-71A9C6CB1287,KOP-BF8E36AE042F,,2025-09-06 10:58:09,Sales,produk,produk,3,23854,71562,Paid,2025-03-21 22:19:41,2025-12-07 04:35:47
154,TRX-7942D225C345,PROD-D7BCFD8E9FF4,KOP-BF8E36AE042F,,2025-02-07 06:22:55,Sales,produk,produk,2,46209,92418,Paid,2025-03-29 23:21:30,2026-06-07 20:13:25
155,TRX-51AEA05E7AFD,PROD-C0F40DA5B3D7,KOP-BF8E36AE042F,,2026-04-21 20:19:38,Sales,produk,produk,2,6634,13268,Paid,2025-04-29 05:18:44,2025-04-10 08:04:47
156,TRX-EA90D3D044EE,PROD-CE7ED55764D6,KOP-BF8E36AE042F,,2025-11-27 12:32:31,Sales,produk,produk,5,26753,133765,Paid,2026-05-20 13:32:49,2025-11-10 00:45:33
157,TRX-1C9F6F8B24F5,PROD-C0F40DA5B3D7,KOP-BF8E36AE042F,,2026-01-03 05:34:43,Sales,produk,produk,3,8200,24600,Paid,2026-06-17 22:07:37,2026-03-16 00:32:16
158,TRX-5813E2155000,PROD-64B327BF70C7,KOP-BF8E36AE042F,,2026-01-16 16:10:02,Sales,produk,produk,3,34645,103935,Paid,2025-02-14 03:01:18,2026-02-13 11:35:26
159,TRX-7B9B702A1B3F,PROD-3FEA777A889C,KOP-B4B7D0AB7FB3,,2026-04-28 00:09:59,Sales,produk,produk,5,28915,144575,Paid,2026-06-05 22:10:16,2025-10-25 08:52:22
160,TRX-2A12C013DCA8,PROD-158CDC9B1061,KOP-B4B7D0AB7FB3,,2025-02-02 12:57:45,Sales,produk,produk,5,27099,135495,Paid,2025-01-25 11:07:35,2025-11-23 02:10:08
161,TRX-CECD5A8D92AB,PROD-B26DAACA2BC6,KOP-B4B7D0AB7FB3,,2026-04-14 07:10:30,Sales,produk,produk,1,5536,5536,Paid,2025-10-15 06:16:12,2025-07-20 20:38:56
162,TRX-37CEE1CEE5D9,PROD-4DCF979B9208,KOP-B4B7D0AB7FB3,,2025-09-05 20:28:12,Sales,produk,produk,1,27633,27633,Paid,2025-01-30 02:18:34,2026-03-08 05:00:49
163,TRX-0060B31A3B1B,PROD-C1D9E2C579AB,KOP-B4B7D0AB7FB3,,2025-04-07 11:20:48,Sales,produk,produk,2,6517,13034,Paid,2025-08-03 12:30:12,2025-08-21 02:21:24
164,TRX-1F5ABF0B34BA,PROD-C1D9E2C579AB,KOP-B4B7D0AB7FB3,,2025-04-13 04:03:57,Sales,produk,produk,1,17326,17326,Paid,2025-05-26 08:42:06,2025-12-28 20:58:31
165,TRX-3787E49400B6,PROD-B26DAACA2BC6,KOP-B4B7D0AB7FB3,,2026-01-25 06:40:09,Sales,produk,produk,4,41133,164532,Paid,2025-12-19 04:02:30,2025-02-22 19:03:45
166,TRX-EC5A23D375FB,PROD-BB87349CAC81,KOP-B4B7D0AB7FB3,,2025-02-11 21:58:38,Sales,produk,produk,4,22009,88036,Paid,2025-03-24 21:17:04,2025-08-26 11:48:10
167,TRX-A44D30C4FB24,PROD-EED8BC8070EC,KOP-389809E3CF0B,,2025-03-24 11:13:06,Sales,produk,produk,3,35621,106863,Paid,2026-04-01 12:46:11,2025-07-24 10:51:05
168,TRX-A7D10FF04AE3,PROD-3E25A00D66F3,KOP-389809E3CF0B,,2025-10-12 01:13:10,Sales,produk,produk,1,7118,7118,Paid,2026-02-23 13:33:57,2026-02-12 13:00:01
169,TRX-AB317F0623AB,PROD-031B2820B0C8,KOP-389809E3CF0B,,2026-01-10 08:57:23,Sales,produk,produk,4,47906,191624,Paid,2025-12-17 06:33:51,2025-07-25 04:44:16
170,TRX-42BB7AF244C6,PROD-658FE4AC141F,KOP-389809E3CF0B,,2025-09-09 11:12:06,Sales,produk,produk,1,9596,9596,Paid,2026-01-06 15:20:35,2025-03-21 02:51:50
171,TRX-E7FC01E863C3,PROD-658FE4AC141F,KOP-389809E3CF0B,,2026-05-30 07:49:45,Sales,produk,produk,3,49751,149253,Paid,2026-04-04 10:04:25,2026-02-16 15:31:27
172,TRX-7558DB0FCA4A,PROD-EED8BC8070EC,KOP-389809E3CF0B,,2025-01-01 10:13:07,Sales,produk,produk,4,38496,153984,Paid,2026-04-18 21:14:47,2026-02-26 14:33:35
173,TRX-C3E5CD889208,PROD-EED8BC8070EC,KOP-389809E3CF0B,,2026-01-19 00:36:38,Sales,produk,produk,5,27484,137420,Paid,2026-06-24 23:22:15,2025-03-11 10:03:25
174,TRX-C04B1E7374DC,PROD-EED8BC8070EC,KOP-389809E3CF0B,,2025-11-20 10:07:49,Sales,produk,produk,1,23728,23728,Paid,2026-05-08 08:48:35,2026-03-09 06:21:42
175,TRX-6156B2A17D55,PROD-116E811EA818,KOP-389809E3CF0B,,2025-02-03 11:13:33,Sales,produk,produk,4,30463,121852,Paid,2026-05-12 11:11:48,2026-04-07 08:52:13
176,TRX-3C3B5D1A04D1,PROD-8E55DD4DDE50,KOP-389809E3CF0B,,2025-05-12 00:05:49,Sales,produk,produk,3,24610,73830,Paid,2025-07-12 11:55:01,2025-09-26 10:16:05
177,TRX-32E4CCCA3091,PROD-658FE4AC141F,KOP-389809E3CF0B,,2026-02-28 11:17:24,Sales,produk,produk,4,40210,160840,Paid,2026-05-24 17:26:32,2025-11-06 03:28:38
178,TRX-AEF61704E888,PROD-0F8B959FF856,KOP-389809E3CF0B,,2026-01-18 07:07:17,Sales,produk,produk,5,28287,141435,Paid,2025-10-01 15:14:01,2025-11-22 19:27:39
179,TRX-A832A2C1F6D7,PROD-C35DFA0A4D66,KOP-362D85A5CD46,,2025-03-02 03:39:00,Sales,produk,produk,3,10539,31617,Paid,2025-12-07 05:23:59,2026-04-23 08:48:03
180,TRX-49DF41A88A7A,PROD-D8BF522CECA4,KOP-362D85A5CD46,,2026-03-08 20:48:37,Sales,produk,produk,3,37200,111600,Paid,2025-01-14 00:25:10,2025-03-09 18:59:40
181,TRX-9090392F6250,PROD-07587DD75344,KOP-362D85A5CD46,,2025-06-11 20:56:33,Sales,produk,produk,2,25065,50130,Paid,2025-09-06 23:34:13,2025-11-27 22:26:40
182,TRX-6662B3710643,PROD-EFD5EC6DB958,KOP-362D85A5CD46,,2026-03-18 05:57:13,Sales,produk,produk,2,16063,32126,Paid,2025-11-05 16:55:44,2025-08-30 14:39:40
183,TRX-FCDCD5B3F368,PROD-EFD5EC6DB958,KOP-362D85A5CD46,,2026-03-19 10:56:42,Sales,produk,produk,1,46691,46691,Paid,2026-04-10 14:48:11,2025-03-11 23:28:51
184,TRX-E5EA2996045F,PROD-D8BF522CECA4,KOP-362D85A5CD46,,2025-10-18 06:24:33,Sales,produk,produk,1,22026,22026,Paid,2025-09-12 04:32:56,2026-02-15 22:32:45
185,TRX-C5790789B9C3,PROD-456D56B3200E,KOP-362D85A5CD46,,2025-11-10 08:25:03,Sales,produk,produk,2,45761,91522,Paid,2026-02-14 21:23:22,2025-01-20 10:05:30
186,TRX-135799973AC9,PROD-C35DFA0A4D66,KOP-362D85A5CD46,,2026-04-13 07:12:49,Sales,produk,produk,3,19577,58731,Paid,2025-09-12 18:36:10,2025-04-11 08:03:28
187,TRX-5E21479E1B98,PROD-A7B616C76D95,KOP-362D85A5CD46,,2025-02-21 06:34:56,Sales,produk,produk,2,49512,99024,Paid,2025-08-24 15:24:16,2025-11-14 03:41:39
188,TRX-62447EC8ECB1,PROD-A44CEF4C9209,KOP-9CF5E3251F71,,2026-05-06 21:01:09,Sales,produk,produk,2,12656,25312,Paid,2025-05-10 16:59:10,2025-04-18 23:03:41
189,TRX-16781129005D,PROD-414F972BDF45,KOP-9CF5E3251F71,,2025-05-30 18:41:27,Sales,produk,produk,3,49343,148029,Paid,2026-01-10 23:24:01,2026-06-09 14:26:18
190,TRX-B445E6400DA0,PROD-9B7F21731028,KOP-9CF5E3251F71,,2025-01-09 23:29:07,Sales,produk,produk,1,20906,20906,Paid,2025-01-05 17:07:18,2025-08-31 18:04:29
191,TRX-47BD2B95DE54,PROD-9B7F21731028,KOP-9CF5E3251F71,,2025-10-11 04:00:59,Sales,produk,produk,3,21557,64671,Paid,2025-02-14 16:27:11,2026-02-17 21:10:22
192,TRX-49E12A2E81CD,PROD-07D5D523B0A7,KOP-9CF5E3251F71,,2025-04-22 14:14:09,Sales,produk,produk,3,34617,103851,Paid,2025-02-01 09:26:02,2025-09-13 12:24:40
193,TRX-2D4C54B4D7BB,PROD-414F972BDF45,KOP-9CF5E3251F71,,2026-06-04 08:07:04,Sales,produk,produk,4,25593,102372,Paid,2026-05-24 12:00:36,2026-03-03 20:06:13
194,TRX-6BC0399E0533,PROD-07D5D523B0A7,KOP-9CF5E3251F71,,2026-03-30 23:44:39,Sales,produk,produk,1,18796,18796,Paid,2025-04-11 16:57:55,2026-04-22 14:07:26
195,TRX-82AABEE66DC5,PROD-31F3A0A4060B,KOP-9CF5E3251F71,,2025-06-10 05:24:38,Sales,produk,produk,5,30421,152105,Paid,2025-07-15 07:11:09,2026-05-29 11:42:25
196,TRX-D3A505BD2431,PROD-414F972BDF45,KOP-9CF5E3251F71,,2025-07-11 08:09:47,Sales,produk,produk,1,26825,26825,Paid,2025-03-31 05:01:59,2026-02-07 11:28:15
197,TRX-FF71D1095EF7,PROD-414F972BDF45,KOP-9CF5E3251F71,,2025-09-26 21:38:07,Sales,produk,produk,2,34523,69046,Paid,2025-02-24 06:51:30,2025-05-24 04:39:31
198,TRX-670EEF8C0891,PROD-47862CE28C17,KOP-9CF5E3251F71,,2025-09-06 12:59:44,Sales,produk,produk,5,7187,35935,Paid,2025-11-18 13:24:13,2025-12-19 16:26:16
199,TRX-8ECBB67BE95C,PROD-A44CEF4C9209,KOP-9CF5E3251F71,,2025-11-13 09:39:55,Sales,produk,produk,4,17750,71000,Paid,2026-01-05 20:31:12,2025-10-08 17:06:57
200,TRX-F53C41F32645,PROD-31F3A0A4060B,KOP-9CF5E3251F71,,2026-03-05 11:49:48,Sales,produk,produk,1,36300,36300,Paid,2025-01-31 15:55:57,2026-02-19 03:45:48
201,TRX-26F4174FE21B,PROD-47862CE28C17,KOP-9CF5E3251F71,,2025-12-28 09:02:29,Sales,produk,produk,5,32475,162375,Paid,2025-01-05 09:20:42,2026-01-15 13:27:39
202,TRX-F8C5A25711E0,PROD-9B7F21731028,KOP-9CF5E3251F71,,2025-01-07 18:11:39,Sales,produk,produk,4,26812,107248,Paid,2026-05-26 17:44:29,2025-11-16 07:52:42
203,TRX-B680FD541BF4,PROD-FEBF9FD825D0,KOP-5D4CC49511DA,,2025-03-10 23:36:21,Sales,produk,produk,4,12356,49424,Paid,2026-04-03 07:27:09,2025-10-05 11:08:32
204,TRX-D9DFE7287CF6,PROD-3E04213C6363,KOP-5D4CC49511DA,,2025-06-16 15:23:06,Sales,produk,produk,2,41097,82194,Paid,2025-10-13 18:43:41,2026-05-14 03:19:00
205,TRX-1D7A6ED32D83,PROD-1E7710F5B9F2,KOP-5D4CC49511DA,,2025-10-18 23:09:55,Sales,produk,produk,5,13221,66105,Paid,2025-12-12 16:19:42,2026-02-19 02:43:36
206,TRX-5079BD0FA768,PROD-3E04213C6363,KOP-5D4CC49511DA,,2025-06-03 19:43:37,Sales,produk,produk,3,25537,76611,Paid,2025-07-26 23:17:53,2025-08-07 17:35:59
207,TRX-DF5E583AA06B,PROD-FEBF9FD825D0,KOP-5D4CC49511DA,,2025-11-30 13:46:32,Sales,produk,produk,4,14078,56312,Paid,2025-10-08 23:12:00,2026-04-13 17:11:52
208,TRX-428B2C0DBA90,PROD-A6DC6D10B5F2,KOP-5D4CC49511DA,,2026-05-15 21:00:09,Sales,produk,produk,1,9783,9783,Paid,2025-05-04 04:13:23,2026-03-03 04:20:31
209,TRX-8F6A541ECEDD,PROD-3E04213C6363,KOP-5D4CC49511DA,,2026-04-14 13:13:30,Sales,produk,produk,5,8955,44775,Paid,2025-11-07 06:16:44,2025-11-06 17:49:16
210,TRX-D2550ECD5A6B,PROD-A6DC6D10B5F2,KOP-5D4CC49511DA,,2026-04-15 00:10:20,Sales,produk,produk,4,41671,166684,Paid,2025-02-27 17:04:00,2025-05-04 23:01:46
211,TRX-560BAE2ECD98,PROD-FEBF9FD825D0,KOP-5D4CC49511DA,,2025-06-19 14:47:18,Sales,produk,produk,2,41084,82168,Paid,2026-05-10 20:49:00,2025-03-03 22:22:24
212,TRX-897EB17A70A6,PROD-3E04213C6363,KOP-5D4CC49511DA,,2026-01-05 16:43:31,Sales,produk,produk,2,40999,81998,Paid,2025-03-06 14:55:22,2025-11-11 14:39:17
213,TRX-6263FAA788D6,PROD-FEBF9FD825D0,KOP-5D4CC49511DA,,2026-04-03 01:41:53,Sales,produk,produk,1,43910,43910,Paid,2025-09-09 17:44:46,2026-06-17 02:12:45
214,TRX-BB0AB5B452AE,PROD-FEBF9FD825D0,KOP-5D4CC49511DA,,2025-08-29 09:56:17,Sales,produk,produk,5,42397,211985,Paid,2026-06-01 09:52:42,2025-06-08 15:50:41
215,TRX-64206FD4B051,PROD-D9253FD24733,KOP-289256142138,,2026-06-30 22:23:21,Sales,produk,produk,1,47918,47918,Paid,2025-08-05 19:13:53,2025-11-01 10:18:56
216,TRX-868AFC760106,PROD-8714F2201E48,KOP-289256142138,,2025-01-09 19:47:40,Sales,produk,produk,2,22889,45778,Paid,2025-08-27 10:53:07,2026-06-09 03:22:31
217,TRX-BA0E0546F821,PROD-D9253FD24733,KOP-289256142138,,2025-10-09 01:05:30,Sales,produk,produk,3,32068,96204,Paid,2025-09-21 16:51:39,2025-07-18 06:03:37
218,TRX-701E70915587,PROD-7080AC0E9D1F,KOP-289256142138,,2026-05-01 16:09:07,Sales,produk,produk,5,49767,248835,Paid,2025-11-06 09:55:33,2025-06-22 11:19:36
219,TRX-1F9605DEFD34,PROD-6ABE48D45194,KOP-289256142138,,2025-12-09 09:04:39,Sales,produk,produk,5,42292,211460,Paid,2025-04-05 11:54:25,2025-12-05 15:54:59
220,TRX-726FBF5FE096,PROD-D9253FD24733,KOP-289256142138,,2025-01-12 20:13:33,Sales,produk,produk,4,46065,184260,Paid,2026-01-20 09:46:02,2026-02-02 14:13:00
221,TRX-3DCC9BD81CE7,PROD-F2D5354FF61A,KOP-289256142138,,2025-09-30 13:58:13,Sales,produk,produk,2,47593,95186,Paid,2026-05-18 05:00:05,2025-07-10 01:54:35
222,TRX-700DB57DA4CF,PROD-3C7C94479248,KOP-289256142138,,2025-07-28 18:44:20,Sales,produk,produk,1,49268,49268,Paid,2026-02-28 17:54:39,2025-11-05 18:57:45
223,TRX-D70D63EAB595,PROD-322D86128848,KOP-289256142138,,2026-04-06 14:32:29,Sales,produk,produk,3,30234,90702,Paid,2026-01-16 16:45:42,2026-05-30 14:01:51
224,TRX-BB4C7D32693E,PROD-F2D5354FF61A,KOP-289256142138,,2025-09-25 23:16:14,Sales,produk,produk,4,36390,145560,Paid,2025-09-19 21:54:20,2025-09-28 07:49:18
225,TRX-DF1429607055,PROD-8C5D8AF8A3CD,KOP-289256142138,,2025-07-17 09:08:59,Sales,produk,produk,3,33468,100404,Paid,2025-09-17 06:27:54,2025-02-13 02:14:14
226,TRX-E696FC89926B,PROD-A42980EE37F0,KOP-289256142138,,2025-09-13 11:51:42,Sales,produk,produk,1,13997,13997,Paid,2025-03-26 22:59:41,2025-04-05 20:48:47
227,TRX-4ABC20EA8CA4,PROD-3445FC531132,KOP-BBCA966C8835,,2025-08-18 01:03:40,Sales,produk,produk,3,23695,71085,Paid,2026-04-20 08:53:37,2025-05-18 11:12:44
228,TRX-556DF205BBA3,PROD-3445FC531132,KOP-BBCA966C8835,,2026-06-10 03:40:51,Sales,produk,produk,2,22090,44180,Paid,2026-04-21 16:06:14,2026-05-28 21:28:37
229,TRX-1A9BEAD95737,PROD-E1B60E518FA5,KOP-BBCA966C8835,,2025-04-18 06:58:39,Sales,produk,produk,1,39563,39563,Paid,2025-03-02 03:23:41,2026-06-08 15:30:37
230,TRX-25331E3EC058,PROD-E1B60E518FA5,KOP-BBCA966C8835,,2025-05-08 06:02:44,Sales,produk,produk,5,11350,56750,Paid,2026-04-20 13:22:10,2025-03-24 17:16:50
231,TRX-DD2CDFE52B2C,PROD-7BE2615FF8A9,KOP-BBCA966C8835,,2026-04-26 10:46:39,Sales,produk,produk,4,28206,112824,Paid,2025-01-30 12:02:12,2025-08-04 13:49:59
232,TRX-2B5F578EB154,PROD-E1B60E518FA5,KOP-BBCA966C8835,,2025-04-27 21:32:57,Sales,produk,produk,1,12157,12157,Paid,2025-01-28 23:18:16,2025-05-21 01:00:39
233,TRX-908136F41F6A,PROD-3445FC531132,KOP-BBCA966C8835,,2025-06-30 02:44:41,Sales,produk,produk,2,28624,57248,Paid,2025-11-13 09:38:25,2025-06-17 23:32:48
234,TRX-874CB2032D2B,PROD-E1B60E518FA5,KOP-BBCA966C8835,,2025-05-07 14:54:15,Sales,produk,produk,1,32814,32814,Paid,2025-04-22 11:23:02,2025-11-15 09:50:07
235,TRX-1842D6DF93FB,PROD-E1B60E518FA5,KOP-BBCA966C8835,,2026-02-16 19:17:43,Sales,produk,produk,2,40082,80164,Paid,2025-05-11 23:20:37,2026-01-13 02:11:07
236,TRX-F24ADA86F328,PROD-7BE2615FF8A9,KOP-BBCA966C8835,,2026-01-15 21:35:46,Sales,produk,produk,5,27763,138815,Paid,2025-08-24 12:39:48,2026-06-08 02:02:15
237,TRX-93D3BF8AAE03,PROD-3445FC531132,KOP-BBCA966C8835,,2025-02-16 18:05:52,Sales,produk,produk,3,37495,112485,Paid,2026-06-05 03:12:18,2026-04-07 07:42:43
238,TRX-78194EA9073F,PROD-E24B3E924C3F,KOP-BBCA966C8835,,2025-09-17 10:23:11,Sales,produk,produk,4,37024,148096,Paid,2025-10-08 20:35:20,2026-02-04 09:37:54
239,TRX-798C239A7104,PROD-E24B3E924C3F,KOP-BBCA966C8835,,2026-06-29 18:36:22,Sales,produk,produk,4,5570,22280,Paid,2025-05-19 14:12:20,2025-11-01 19:53:29
240,TRX-B1B3A9F8C59F,PROD-3FB48879A593,KOP-DE8D10000BBC,,2025-09-28 22:28:04,Sales,produk,produk,1,30631,30631,Paid,2025-10-30 05:08:02,2026-01-16 01:20:08
241,TRX-001579B5CF4F,PROD-60AEE3D93A96,KOP-DE8D10000BBC,,2025-10-20 03:05:11,Sales,produk,produk,1,47423,47423,Paid,2025-10-12 09:49:08,2025-05-20 09:22:16
242,TRX-19C3222E8074,PROD-3FB48879A593,KOP-DE8D10000BBC,,2025-12-29 21:04:26,Sales,produk,produk,1,32730,32730,Paid,2026-01-13 06:10:37,2026-06-16 11:43:32
243,TRX-B70BED77324E,PROD-3FB48879A593,KOP-DE8D10000BBC,,2025-08-24 01:02:43,Sales,produk,produk,2,38019,76038,Paid,2025-12-15 11:26:47,2026-05-26 17:23:54
244,TRX-1AD5070AF194,PROD-38F915DEBC36,KOP-DE8D10000BBC,,2025-02-11 13:26:01,Sales,produk,produk,1,25439,25439,Paid,2025-08-12 22:02:10,2025-10-07 19:29:47
245,TRX-A7C66810B51E,PROD-B231FCCEC759,KOP-DE8D10000BBC,,2025-05-17 19:19:25,Sales,produk,produk,1,33419,33419,Paid,2025-12-31 20:04:51,2026-02-24 22:32:09
246,TRX-D3E4A47212C5,PROD-38F915DEBC36,KOP-DE8D10000BBC,,2026-05-13 11:53:35,Sales,produk,produk,1,30742,30742,Paid,2025-03-25 06:14:27,2025-03-31 02:04:23
