inventaris_ref,produk_sample_id,koperasi_ref,nama_produk,stok,dibuat_pada,diperbarui_pada,kode_barcode
INV-551319C08B5F,PROD-07E5D84FA45C,KOP-AC0D0FFB3A40,Gula Pasir 1kg,69,2025-09-14 06:21:11,2025-04-23 00:56:19,
INV-6EAF12579D2E,PROD-16D0A56C8774,KOP-AC0D0FFB3A40,Kopi Bubuk 200g,60,2026-04-05 13:10:53,2026-06-10 21:36:52,
INV-893399DBFD85,PROD-4883A6E9F429,KOP-AC0D0FFB3A40,Beras 5kg,87,2025-04-21 17:51:00,2026-03-31 02:40:32,
INV-271A63581CF6,PROD-2850A25742D8,KOP-AC0D0FFB3A40,Minyak Goreng 1L,79,2025-11-29 13:52:05,2026-06-28 10:44:12,
INV-BD70C7DA322D,PROD-320684DEE085,KOP-AC0D0FFB3A40,Gas LPG 3kg,83,2025-08-09 15:39:30,2026-04-08 08:19:09,
INV-5B2C3A3D72E9,PROD-D86E8F0A8D33,KOP-AC0D0FFB3A40,Telur Ayam,54,2025-11-17 09:16:48,2026-01-19 05:33:26,
INV-239C8A4A28F5,PROD-2D520FD12089,KOP-AC0D0FFB3A40,Telur Ayam,55,2025-04-09 13:34:03,2025-05-14 20:15:24,
INV-74E8C136EE6F,PROD-F5D75A667FA4,KOP-AC0D0FFB3A40,Gas LPG 3kg,64,2025-08-06 05:38:00,2026-05-09 08:09:52,
INV-A44EE2B5CAD2,PROD-800E3775D5F0,KOP-AC0D0FFB3A40,Minyak Goreng 1L,28,2026-03-16 20:25:26,2025-01-27 22:10:22,
INV-DE10D8CCA88F,PROD-7AE936EC1688,KOP-AC0D0FFB3A40,Kopi Bubuk 200g,89,2025-11-13 12:22:21,2025-12-26 00:13:20,
INV-135C1BD9B3E5,PROD-E4F298004C46,KOP-5B98A03D10CB,Gula Pasir 1kg,37,2025-03-12 14:53:47,2026-05-27 05:04:02,
INV-4C0F2F098007,PROD-E4A70DD0639B,KOP-5B98A03D10CB,Gula Pasir 1kg,48,2025-03-17 16:21:00,2026-05-06 21:11:55,
INV-311A94028CC8,PROD-BE198C258111,KOP-5B98A03D10CB,Gas LPG 3kg,89,2025-03-29 03:58:55,2025-09-12 23:56:33,
INV-B325C4510A4C,PROD-EDE118483979,KOP-5B98A03D10CB,Gula Pasir 1kg,55,2025-04-19 00:23:02,2025-04-11 09:25:13,
INV-C8BB2911AD70,PROD-EA2B2EADE423,KOP-5B98A03D10CB,Kopi Bubuk 200g,61,2025-04-18 10:45:22,2026-03-02 03:07:33,
INV-6AD18A1FB7C2,PROD-E705BB1484BB,KOP-5B98A03D10CB,Telur Ayam,8,2025-11-04 01:37:36,2025-04-28 00:49:20,
INV-AB4D3304FC02,PROD-12D8333FDA58,KOP-5B98A03D10CB,Kopi Bubuk 200g,22,2025-06-13 12:03:03,2026-03-13 16:49:22,
INV-4F57EE7FCEEF,PROD-4715D83354E7,KOP-5B98A03D10CB,Gula Pasir 1kg,0,2025-08-08 07:29:32,2025-10-13 02:16:40,
INV-E31899D5AA01,PROD-7231789B3AD0,KOP-5B98A03D10CB,Gas LPG 3kg,58,2025-04-27 09:33:07,2026-05-17 19:12:48,
INV-31ECC9E8D104,PROD-1F15CF2EA9DB,KOP-5B98A03D10CB,Minyak Goreng 1L,14,2025-12-23 12:48:55,2026-04-14 22:28:38,
INV-E55CC9374F98,PROD-871533664E03,KOP-5B98A03D10CB,Beras 5kg,49,2026-03-05 21:42:54,2025-05-22 20:55:40,
INV-B6AF8D14F10D,PROD-E81F4187832C,KOP-5B98A03D10CB,Gula Pasir 1kg,1,2026-05-12 04:58:15,2025-07-19 13:58:44,
INV-F434526479EF,PROD-9F1794E9AAF6,KOP-5B98A03D10CB,Gas LPG 3kg,90,2026-03-31 17:47:34,2025-06-21 03:00:35,
INV-874FDBCFF95C,PROD-26E4EFE21A0D,KOP-67F3AA4F6100,Kopi Bubuk 200g,28,2026-06-13 14:46:34,2025-12-28 12:33:44,
INV-89051E775351,PROD-A7E5325B37D7,KOP-67F3AA4F6100,Telur Ayam,21,2025-08-24 02:48:24,2026-06-11 23:25:41,
INV-FFF395510B4F,PROD-9E1650AAD405,KOP-67F3AA4F6100,Kopi Bubuk 200g,26,2025-06-15 23:33:57,2026-02-25 00:49:02,
INV-6821C493E442,PROD-CE1D45C8F9B0,KOP-67F3AA4F6100,Gula Pasir 1kg,76,2025-01-20 10:19:12,2025-03-29 07:53:09,
INV-237E023EB52B,PROD-FA6AD4693FF4,KOP-67F3AA4F6100,Telur Ayam,76,2025-05-27 21:12:48,2025-07-06 22:41:25,
INV-C0EBF79C68BD,PROD-3FE232834C55,KOP-67F3AA4F6100,Minyak Goreng 1L,75,2025-03-12 08:22:02,2026-01-23 14:02:03,
INV-C8C4C8C9B29E,PROD-0774FF166E6C,KOP-67F3AA4F6100,Telur Ayam,11,2026-05-09 04:44:42,2025-01-02 23:38:16,
INV-D3F84DB440C0,PROD-78419604AA93,KOP-67F3AA4F6100,Telur Ayam,29,2026-05-09 13:52:49,2025-12-25 21:26:47,
INV-1BDE168073A7,PROD-8CF7F51E59A3,KOP-67F3AA4F6100,Kopi Bubuk 200g,61,2025-08-27 03:03:06,2025-10-18 21:46:59,
INV-563030A49FDC,PROD-B9E53DE961CD,KOP-67F3AA4F6100,Telur Ayam,73,2026-06-20 04:17:24,2026-06-17 00:15:42,
INV-BF35022C4CD0,PROD-01EDC30FF9AA,KOP-67F3AA4F6100,Gas LPG 3kg,46,2025-10-10 14:28:15,2025-07-28 15:02:42,
INV-AF33E1ABB49E,PROD-B7D9407FCE9E,KOP-67F3AA4F6100,Gas LPG 3kg,71,2026-05-11 09:14:23,2025-11-11 21:01:53,
INV-8602B51E60B5,PROD-C2A447F1B15B,KOP-67F3AA4F6100,Gas LPG 3kg,49,2025-01-06 03:18:59,2025-05-29 17:10:22,
INV-B50DF4671FBD,PROD-AACFC6A3F6FB,KOP-67F3AA4F6100,Telur Ayam,47,2025-03-23 22:10:26,2025-02-08 13:59:34,
INV-1BAD733D7854,PROD-B4BED6541E84,KOP-27EE7AE77F46,Gas LPG 3kg,62,2025-08-10 21:32:19,2026-04-30 16:50:55,
INV-198D29D2A54F,PROD-0338C25761D5,KOP-27EE7AE77F46,Beras 5kg,93,2026-06-01 01:13:26,2026-03-12 19:20:15,
INV-89EE7FE4AB1D,PROD-E91518E34825,KOP-27EE7AE77F46,Minyak Goreng 1L,61,2025-11-09 05:53:27,2026-04-16 20:46:00,
INV-E0C2AA349F90,PROD-E4B5C0FDBCEE,KOP-27EE7AE77F46,Beras 5kg,23,2026-01-15 22:49:17,2026-04-21 23:03:41,
INV-43D08F746A17,PROD-E9A8B99EC6E6,KOP-27EE7AE77F46,Kopi Bubuk 200g,65,2026-01-08 01:52:38,2025-04-24 13:56:34,
INV-8405834E5C45,PROD-4EE337F0F7F9,KOP-27EE7AE77F46,Minyak Goreng 1L,61,2025-08-03 08:12:28,2025-11-25 12:50:30,
INV-4547D4A29DFC,PROD-F3E7605F1628,KOP-27EE7AE77F46,Gas LPG 3kg,47,2025-12-20 16:28:18,2026-05-13 18:15:26,
INV-37E4BB561041,PROD-B2863D5DC17A,KOP-27EE7AE77F46,Beras 5kg,57,2026-01-12 02:23:21,2025-07-12 16:40:14,
INV-0D1C6A62ED30,PROD-2EEA6D78D4AE,KOP-27EE7AE77F46,Telur Ayam,2,2025-10-28 15:09:56,2025-05-16 17:15:15,
INV-F99F4991829E,PROD-77A22361EEE7,KOP-27EE7AE77F46,Kopi Bubuk 200g,82,2025-12-01 17:42:00,2026-06-27 19:58:08,
INV-B38579B547D8,PROD-5D364E47C007,KOP-27EE7AE77F46,Minyak Goreng 1L,29,2026-05-11 13:32:25,2025-10-23 01:43:22,
INV-0F7801506BC9,PROD-BCAB2E8BD7CF,KOP-27EE7AE77F46,Gula Pasir 1kg,73,2025-05-10 16:03:08,2025-09-24 13:27:33,
INV-678B5A0E07EF,PROD-C4726E00861E,KOP-27EE7AE77F46,Gula Pasir 1kg,51,2026-05-27 05:17:35,2026-04-15 11:39:31,
INV-D82A5CF5F333,PROD-504F52FCC6F0,KOP-27EE7AE77F46,Kopi Bubuk 200g,5,2025-05-23 20:03:35,2025-04-30 11:13:00,
INV-21E2CF77A5B1,PROD-48FC27CC8039,KOP-FF3354FE674F,Kopi Bubuk 200g,75,2025-01-24 20:39:53,2025-02-02 05:03:56,
INV-31CF3F59343A,PROD-9C3F44218E3D,KOP-FF3354FE674F,Telur Ayam,72,2026-04-08 23:15:55,2025-11-08 03:23:41,
INV-34A2063F4CE7,PROD-EF106E55E8CA,KOP-FF3354FE674F,Beras 5kg,37,2026-06-21 02:32:52,2026-04-11 02:05:30,
INV-F544CCDE85DC,PROD-526EB4654966,KOP-FF3354FE674F,Telur Ayam,16,2025-07-30 11:16:40,2026-03-19 17:17:10,
INV-E9FC64248A8C,PROD-8F93AD1D10A9,KOP-FF3354FE674F,Gula Pasir 1kg,31,2026-06-23 11:58:28,2026-05-18 16:45:19,
INV-0974342C5A75,PROD-2C0D1128B1CB,KOP-FF3354FE674F,Beras 5kg,89,2025-11-01 14:14:20,2025-06-29 15:06:41,
INV-BE4B2FE9DA7A,PROD-57D87D5F7BE1,KOP-FF3354FE674F,Kopi Bubuk 200g,80,2025-10-26 02:25:48,2025-08-11 17:58:02,
INV-9D559B6A9EDE,PROD-8613F114D538,KOP-FF3354FE674F,Gas LPG 3kg,64,2025-11-30 14:55:52,2026-04-07 06:00:05,
INV-3D335D10CF36,PROD-EF2F88704D34,KOP-FF3354FE674F,Gula Pasir 1kg,14,2025-05-20 11:54:35,2026-04-21 17:38:58,
INV-8AA51D018FE3,PROD-7E9D8922B5C1,KOP-FF3354FE674F,Beras 5kg,35,2025-06-15 06:12:39,2025-01-19 22:05:59,
INV-F594EF332AEB,PROD-896F42A94D2C,KOP-FF3354FE674F,Telur Ayam,86,2026-06-30 07:52:13,2026-03-29 01:44:19,
INV-78C6C3276855,PROD-DD4424EC36E1,KOP-54442CE443AF,Minyak Goreng 1L,1,2026-03-03 05:27:03,2025-07-06 17:06:13,
INV-937A145958F3,PROD-8EF4E6E4B5A9,KOP-54442CE443AF,Kopi Bubuk 200g,92,2025-12-12 16:09:52,2025-01-14 10:26:27,
INV-4568D24A275C,PROD-FF67A767A572,KOP-54442CE443AF,Kopi Bubuk 200g,64,2025-11-10 08:16:34,2026-03-10 05:42:32,
INV-2C5BA8466329,PROD-4A4D3A2B1E03,KOP-54442CE443AF,Telur Ayam,61,2025-11-17 23:45:50,2026-02-19 13:51:08,
INV-E35E24F2D4B5,PROD-FBCBDE664F9B,KOP-54442CE443AF,Gas LPG 3kg,20,2025-04-20 02:22:41,2025-08-05 21:44:24,
INV-4D93E7B0281E,PROD-79B9FA2BC7A5,KOP-54442CE443AF,Gas LPG 3kg,6,2025-11-19 03:23:37,2025-11-13 00:18:31,
INV-CEC810F734BB,PROD-FE866174E5E4,KOP-54442CE443AF,Minyak Goreng 1L,96,2026-02-05 12:57:20,2025-05-13 03:32:43,
INV-61DB9152CE95,PROD-19DA84BAB155,KOP-B75BA893E859,Gas LPG 3kg,58,2025-01-16 06:04:19,2025-05-04 15:14:30,
INV-8D61FC6AFD44,PROD-4E4BE75EA1BC,KOP-B75BA893E859,Beras 5kg,54,2025-12-29 04:38:25,2026-02-16 20:16:39,
INV-86AF6D5CE018,PROD-37A7DDCF9C01,KOP-B75BA893E859,Telur Ayam,37,2026-05-04 04:54:03,2025-07-07 21:27:54,
INV-7C869B03DA86,PROD-1233DCD57703,KOP-B75BA893E859,Gas LPG 3kg,75,2026-01-14 23:38:38,2026-04-10 13:48:45,
INV-A75481AE04D1,PROD-F2B585FCBC5D,KOP-B75BA893E859,Beras 5kg,36,2025-11-27 13:59:00,2025-11-23 06:29:45,
INV-8C4756E3AABD,PROD-E13ED06E39E6,KOP-B75BA893E859,Beras 5kg,73,2025-11-18 03:37:17,2025-12-22 10:22:08,
INV-F04511DEEB69,PROD-907A439C9C13,KOP-B75BA893E859,Beras 5kg,26,2026-06-05 06:08:51,2025-01-29 21:47:12,
INV-57B0305F1349,PROD-6B0478AAC939,KOP-BDF249453F76,Kopi Bubuk 200g,3,2026-05-25 07:25:48,2025-11-10 14:41:47,
INV-3119180DA400,PROD-010608E06554,KOP-BDF249453F76,Minyak Goreng 1L,3,2026-04-27 01:14:45,2025-05-28 14:50:32,
INV-7EB1428172DD,PROD-6A31750CD23B,KOP-BDF249453F76,Gula Pasir 1kg,60,2026-04-21 15:06:44,2026-03-27 04:53:36,
INV-18B5706F9DAF,PROD-6D3460329B0A,KOP-BDF249453F76,Kopi Bubuk 200g,32,2025-05-12 11:45:20,2026-01-10 22:20:27,
INV-720C9F2AC7AA,PROD-53C012017122,KOP-BDF249453F76,Beras 5kg,28,2026-06-12 04:43:34,2025-05-27 08:12:43,
INV-2B99D94DC530,PROD-B7D8C7B62B74,KOP-BDF249453F76,Kopi Bubuk 200g,13,2025-09-13 08:14:11,2025-09-14 06:43:19,
INV-730BD42D13D1,PROD-A7732C8F55B2,KOP-BDF249453F76,Minyak Goreng 1L,73,2025-10-01 04:47:43,2025-12-02 15:21:55,
INV-5EDD08D1BBF6,PROD-233572D74553,KOP-9356583AAD08,Beras 5kg,96,2026-01-04 13:00:03,2025-12-13 02:57:17,
INV-D2B9E833D7D4,PROD-A843F38F181B,KOP-9356583AAD08,Beras 5kg,53,2026-02-10 05:38:34,2025-04-02 07:32:45,
INV-73D86F15742F,PROD-80B3138E0EBD,KOP-9356583AAD08,Beras 5kg,82,2025-01-25 01:54:39,2025-08-19 17:25:43,
INV-CDCE9794CD9F,PROD-AA9116A243D0,KOP-9356583AAD08,Kopi Bubuk 200g,63,2025-01-25 15:06:26,2025-03-11 01:27:39,
INV-C09C1F507FF3,PROD-2FBE8C48F80B,KOP-9356583AAD08,Gula Pasir 1kg,0,2025-10-16 09:40:18,2026-01-19 18:36:02,
INV-1D7D18068205,PROD-8B6F06D28D7B,KOP-9356583AAD08,Kopi Bubuk 200g,77,2026-06-09 14:46:14,2025-07-29 06:43:46,
INV-D7DA9A94EC4A,PROD-177EB49412BD,KOP-9356583AAD08,Telur Ayam,32,2025-08-11 18:36:30,2025-01-25 11:16:59,
INV-72BA7A7E1F59,PROD-12181DF4D0EE,KOP-5BEBDAD959DA,Gula Pasir 1kg,4,2025-05-17 10:36:37,2026-01-11 13:00:25,
INV-B4FB1582D88C,PROD-69E0B3614435,KOP-5BEBDAD959DA,Beras 5kg,12,2025-02-09 21:13:17,2025-03-26 01:26:19,
INV-5B9EFA96AF62,PROD-A7C90C728BD1,KOP-5BEBDAD959DA,Gula Pasir 1kg,34,2025-10-26 22:24:26,2026-06-23 02:36:35,
INV-1730D83451B6,PROD-91FEB1857B8B,KOP-5BEBDAD959DA,Minyak Goreng 1L,33,2025-06-11 23:25:40,2026-06-12 03:29:58,
INV-7B2E38C55293,PROD-0AA8BC945356,KOP-5BEBDAD959DA,Gula Pasir 1kg,85,2025-06-16 17:12:32,2026-04-09 13:03:42,
INV-C13488A5515A,PROD-A37361A2D486,KOP-5BEBDAD959DA,Minyak Goreng 1L,30,2025-11-13 11:53:29,2025-08-04 08:45:46,
INV-CD7AA712D722,PROD-CF3FEA781570,KOP-5BEBDAD959DA,Kopi Bubuk 200g,75,2025-05-01 05:22:36,2025-04-21 16:20:40,
INV-38A2951FFC25,PROD-725F3CE8824D,KOP-5BEBDAD959DA,Beras 5kg,4,2026-01-08 05:41:56,2026-02-05 06:58:18,
INV-2FD971EC8A5C,PROD-B1F1D14696A7,KOP-5BEBDAD959DA,Telur Ayam,40,2025-07-08 00:16:15,2025-06-18 09:07:26,
INV-99F85691C10C,PROD-1E297A1AEE7F,KOP-5BEBDAD959DA,Telur Ayam,30,2026-06-10 21:59:17,2026-05-23 10:06:59,
INV-0C4807C8902F,PROD-A9974E9B50DD,KOP-5BEBDAD959DA,Kopi Bubuk 200g,80,2026-01-05 12:29:12,2026-01-17 12:16:34,
INV-8354E821E479,PROD-523874E7B58E,KOP-5BEBDAD959DA,Gas LPG 3kg,98,2025-02-10 16:33:51,2025-10-25 19:37:00,
INV-AF192D2263A9,PROD-DE8400D06CBB,KOP-5BEBDAD959DA,Telur Ayam,52,2025-03-06 17:16:35,2026-03-04 16:52:37,
INV-DA6BA6040E71,PROD-72FFA0ED1302,KOP-5BEBDAD959DA,Gas LPG 3kg,33,2025-11-04 23:44:26,2025-02-09 08:21:17,
INV-DE6F025FC475,PROD-06DBAE9774D6,KOP-5BEBDAD959DA,Gas LPG 3kg,67,2025-08-23 01:28:34,2025-08-16 16:21:24,
INV-1D63DA792EA1,PROD-D891D228B611,KOP-436D469B2466,Beras 5kg,95,2025-12-23 00:52:29,2025-04-05 11:01:27,
INV-9FE5057D6261,PROD-D59E937C8C0A,KOP-436D469B2466,Gas LPG 3kg,87,2026-05-27 03:23:00,2025-04-28 05:17:09,
INV-69B1CC2E0F00,PROD-2CA8F3835C5F,KOP-436D469B2466,Telur Ayam,77,2025-04-02 04:13:15,2025-04-26 13:55:45,
INV-B16196D8883A,PROD-26DEE7D51899,KOP-436D469B2466,Gula Pasir 1kg,92,2025-02-02 16:15:22,2025-05-20 12:29:09,
INV-B34F323A7191,PROD-65B6F5EA902F,KOP-436D469B2466,Gas LPG 3kg,95,2025-08-08 01:20:52,2025-10-28 20:49:17,
INV-25F96316E9C7,PROD-4D1C4D5C2ADD,KOP-436D469B2466,Beras 5kg,11,2025-10-19 00:49:36,2026-02-09 22:46:05,
INV-9E96F8D8ADA9,PROD-00703FD707B6,KOP-9731896E0A0B,Gas LPG 3kg,3,2025-08-25 02:23:39,2025-02-19 00:21:14,
INV-D09237B70591,PROD-DC82E9AE5F39,KOP-9731896E0A0B,Minyak Goreng 1L,88,2025-05-02 00:06:33,2025-10-12 12:40:40,
INV-5A5FC9B47984,PROD-1368E0E887A0,KOP-9731896E0A0B,Minyak Goreng 1L,78,2025-06-28 19:51:32,2026-01-03 12:36:05,
INV-997EED021D4F,PROD-A72E1C37AB0F,KOP-9731896E0A0B,Gula Pasir 1kg,5,2026-01-06 14:07:25,2025-03-14 01:12:39,
INV-8F607F15F965,PROD-B186587DA768,KOP-9731896E0A0B,Beras 5kg,61,2025-09-27 01:36:18,2025-09-05 17:26:21,
INV-63021DEB870B,PROD-9DBA8AC9128A,KOP-9731896E0A0B,Kopi Bubuk 200g,36,2025-11-11 21:09:19,2026-01-19 08:11:34,
INV-CBB7A2390197,PROD-5BB085E1F3B3,KOP-9731896E0A0B,Gula Pasir 1kg,27,2026-01-24 11:23:59,2025-09-19 04:44:00,
INV-C992BE348EBB,PROD-8D3832208C06,KOP-9731896E0A0B,Gula Pasir 1kg,32,2025-07-08 21:11:38,2025-03-04 22:51:18,
INV-7AFFCC8CB912,PROD-16511DCC052A,KOP-9731896E0A0B,Beras 5kg,53,2025-02-17 12:58:03,2025-09-08 00:12:16,
INV-14579DA2DB0B,PROD-048F01A3433C,KOP-9731896E0A0B,Gas LPG 3kg,1,2025-06-05 04:14:49,2025-04-01 13:58:55,
INV-778BE50BA7C5,PROD-94C108F59192,KOP-9731896E0A0B,Gas LPG 3kg,21,2026-03-10 11:20:53,2025-06-21 14:23:25,
INV-06CB1A05E08A,PROD-DBBD3C565857,KOP-9731896E0A0B,Gas LPG 3kg,59,2025-01-26 21:41:37,2025-05-10 00:02:23,
INV-845A01F20C88,PROD-0BADC558EEA1,KOP-F5BE80E71859,Kopi Bubuk 200g,100,2026-04-26 22:53:54,2025-06-01 12:21:36,
INV-3185427B09CD,PROD-715D3862C605,KOP-F5BE80E71859,Beras 5kg,5,2025-12-18 14:01:39,2026-02-08 19:26:03,
INV-DDAF7A75D252,PROD-F14F8181C2A2,KOP-F5BE80E71859,Gas LPG 3kg,10,2025-03-30 01:42:59,2025-05-03 19:19:48,
INV-B410EE2416D0,PROD-2E0CE6B66620,KOP-F5BE80E71859,Gas LPG 3kg,53,2025-02-21 02:41:30,2026-04-11 01:48:05,
INV-852EB5A0CAD3,PROD-201D686415B8,KOP-F5BE80E71859,Telur Ayam,19,2025-12-27 03:46:14,2025-09-15 12:55:25,
INV-BA912348CC86,PROD-E8AC806309DC,KOP-F5BE80E71859,Kopi Bubuk 200g,58,2025-07-06 05:57:16,2025-01-22 13:07:59,
INV-49A0287B23D7,PROD-0E5ABAC80B57,KOP-F5BE80E71859,Gula Pasir 1kg,48,2025-11-25 09:29:26,2026-01-27 07:00:12,
INV-2AED4E5157B0,PROD-47FC07AE753A,KOP-F5BE80E71859,Kopi Bubuk 200g,37,2025-10-29 10:59:49,2026-03-30 00:40:27,
INV-E1E76BEEA5E3,PROD-5C8F1F95152B,KOP-F5BE80E71859,Beras 5kg,87,2025-12-24 02:35:54,2025-11-17 06:53:53,
INV-617D12E43D34,PROD-713957CCA539,KOP-F5BE80E71859,Telur Ayam,54,2025-08-03 05:49:26,2025-11-21 15:04:38,
INV-787E231A6128,PROD-D7D647DB2704,KOP-8D601754AAF5,Telur Ayam,55,2025-11-04 01:35:16,2025-02-21 14:41:49,
INV-95EE7F3F53BA,PROD-0802901F7A4F,KOP-8D601754AAF5,Kopi Bubuk 200g,93,2025-05-11 07:11:11,2025-11-30 08:23:27,
INV-036CDD519AC2,PROD-E5212237EAA1,KOP-8D601754AAF5,Gula Pasir 1kg,55,2025-07-11 05:23:23,2025-01-10 06:07:22,
INV-2261A9015FFC,PROD-00939F6794D6,KOP-8D601754AAF5,Gula Pasir 1kg,2,2026-06-16 13:43:21,2025-09-12 10:37:12,
INV-1511EE6E8655,PROD-9A0E471060B6,KOP-8D601754AAF5,Telur Ayam,0,2025-01-04 18:47:33,2026-06-18 20:48:58,
INV-15923B4E17FC,PROD-6184F828D19C,KOP-82FA8CDD09D6,Gas LPG 3kg,19,2025-07-22 04:37:48,2025-08-25 15:34:44,
INV-AE5A0AA5BC3F,PROD-A55680DB14B0,KOP-82FA8CDD09D6,Minyak Goreng 1L,17,2025-02-21 09:20:29,2025-07-10 22:01:16,
INV-8AB2398BE0A4,PROD-767F81C09061,KOP-82FA8CDD09D6,Gula Pasir 1kg,49,2026-03-03 14:29:46,2025-03-16 16:31:08,
INV-92DA95219EE0,PROD-3086AC722CFE,KOP-82FA8CDD09D6,Gas LPG 3kg,48,2025-06-08 21:24:28,2025-09-11 07:50:24,
INV-C698767EC9C6,PROD-C1E8C5174722,KOP-82FA8CDD09D6,Telur Ayam,32,2026-06-22 06:17:11,2025-02-20 19:03:04,
INV-44D401FB0653,PROD-C37105878325,KOP-82FA8CDD09D6,Minyak Goreng 1L,77,2026-06-25 06:54:11,2025-03-28 05:38:04,
INV-28BABFE16BF0,PROD-2BB11C98610E,KOP-82FA8CDD09D6,Telur Ayam,37,2025-11-01 01:48:30,2026-04-23 14:31:24,
INV-A6BA578D72CF,PROD-0529B4A0C479,KOP-82FA8CDD09D6,Beras 5kg,26,2026-06-13 20:55:54,2026-05-23 11:42:06,
INV-F358657997A4,PROD-50912246A504,KOP-BF8E36AE042F,Kopi Bubuk 200g,83,2025-06-15 01:24:26,2025-06-04 19:17:00,
INV-88DC6DDA6216,PROD-10EB9EA31D43,KOP-BF8E36AE042F,Telur Ayam,4,2025-03-16 22:36:15,2025-02-10 08:58:22,
INV-7DF3C9D8E209,PROD-786141FD6D82,KOP-BF8E36AE042F,Beras 5kg,54,2025-03-04 17:24:19,2025-04-09 17:40:56,
INV-A0AA3E9EE503,PROD-64B327BF70C7,KOP-BF8E36AE042F,Gas LPG 3kg,10,2025-11-28 17:29:46,2025-04-12 03:08:45,
INV-29A0E38BEFFA,PROD-D7BCFD8E9FF4,KOP-BF8E36AE042F,Beras 5kg,87,2025-11-13 00:35:26,2025-05-19 11:02:54,
INV-4D7E39950290,PROD-83DDCB4A611B,KOP-BF8E36AE042F,Kopi Bubuk 200g,83,2025-04-01 10:32:02,2025-04-05 04:20:27,
INV-5BFA9E03B357,PROD-90ABD20E3CB5,KOP-BF8E36AE042F,Gula Pasir 1kg,62,2026-01-25 10:43:29,2026-03-15 06:49:38,
INV-206FD8CCD7BB,PROD-1FFA1F87DF8A,KOP-BF8E36AE042F,Gula Pasir 1kg,78,2025-04-24 23:56:35,2026-01-24 04:26:45,
INV-70635CF934ED,PROD-422D4551D567,KOP-BF8E36AE042F,Minyak Goreng 1L,44,2025-10-18 01:44:36,2025-03-19 08:38:45,
INV-C9D1EAA5945E,PROD-71A9C6CB1287,KOP-BF8E36AE042F,Telur Ayam,41,2025-06-29 23:53:01,2026-05-24 11:21:19,
INV-4A8B4C1140C4,PROD-C0F40DA5B3D7,KOP-BF8E36AE042F,Beras 5kg,62,2025-03-08 16:59:10,2025-10-10 18:57:15,
INV-092987CD17AF,PROD-22132E1D0C24,KOP-BF8E36AE042F,Minyak Goreng 1L,72,2025-08-15 02:07:28,2025-02-01 13:26:37,
INV-3A3CFEA5BC46,PROD-F1634D18A56A,KOP-BF8E36AE042F,Minyak Goreng 1L,23,2026-04-05 23:14:03,2025-03-30 16:35:27,
INV-9AD754D2E107,PROD-CE7ED55764D6,KOP-BF8E36AE042F,Beras 5kg,37,2025-10-09 04:02:59,2025-08-16 00:11:07,
INV-282E8E70E31B,PROD-BB87349CAC81,KOP-B4B7D0AB7FB3,Beras 5kg,82,2026-06-04 14:15:04,2025-02-06 17:57:51,
INV-26E672315A9F,PROD-B26DAACA2BC6,KOP-B4B7D0AB7FB3,Telur Ayam,21,2025-02-12 00:29:47,2026-05-26 23:15:46,
INV-2D3132B57298,PROD-C1D9E2C579AB,KOP-B4B7D0AB7FB3,Telur Ayam,36,2025-01-26 11:53:32,2026-05-22 03:21:01,
INV-F483B6643B09,PROD-3FEA777A889C,KOP-B4B7D0AB7FB3,Minyak Goreng 1L,86,2026-05-23 09:18:36,2025-02-20 13:51:03,
INV-2AD868FF1330,PROD-158CDC9B1061,KOP-B4B7D0AB7FB3,Telur Ayam,47,2025-08-13 09:15:42,2025-12-05 02:23:16,
INV-2F2152679EED,PROD-4DCF979B9208,KOP-B4B7D0AB7FB3,Gula Pasir 1kg,83,2026-03-16 22:56:12,2025-06-13 15:09:50,
INV-6094D6F16B45,PROD-3E25A00D66F3,KOP-389809E3CF0B,Kopi Bubuk 200g,66,2025-12-02 00:40:44,2025-10-12 11:48:14,
INV-CE49BE783EC5,PROD-658FE4AC141F,KOP-389809E3CF0B,Beras 5kg,29,2026-05-12 12:29:38,2025-11-15 01:39:31,
INV-4437C09CE24E,PROD-0F8B959FF856,KOP-389809E3CF0B,Telur Ayam,42,2025-02-27 08:45:51,2025-11-28 17:51:31,
INV-BCFCA8E52786,PROD-ACD2B1F93228,KOP-389809E3CF0B,Gula Pasir 1kg,80,2026-02-26 09:04:45,2026-06-14 23:33:00,
INV-B9438921CB9B,PROD-243359B86618,KOP-389809E3CF0B,Gula Pasir 1kg,97,2025-05-25 15:59:36,2026-01-22 21:53:05,
INV-0CC2C9A95057,PROD-031B2820B0C8,KOP-389809E3CF0B,Telur Ayam,6,2025-08-10 14:06:03,2025-12-02 15:06:28,
INV-3437550E6AC8,PROD-EED8BC8070EC,KOP-389809E3CF0B,Gas LPG 3kg,68,2025-03-15 05:28:51,2025-07-20 08:05:43,
INV-63E8FF97FC08,PROD-8E55DD4DDE50,KOP-389809E3CF0B,Minyak Goreng 1L,54,2025-06-27 15:03:15,2025-05-20 14:07:52,
INV-4F23E5F6CC87,PROD-116E811EA818,KOP-389809E3CF0B,Minyak Goreng 1L,83,2025-09-03 10:23:09,2026-05-30 12:10:15,
INV-BBE015C8DB3C,PROD-EFD5EC6DB958,KOP-362D85A5CD46,Gas LPG 3kg,82,2025-07-22 17:21:11,2025-12-15 18:24:19,
INV-A34A19FAEFE6,PROD-456D56B3200E,KOP-362D85A5CD46,Gas LPG 3kg,21,2025-01-20 16:59:24,2025-12-09 16:43:46,
INV-657940EA387D,PROD-D8BF522CECA4,KOP-362D85A5CD46,Telur Ayam,69,2025-09-01 02:33:06,2025-07-02 10:56:11,
INV-382B3E3BBD7E,PROD-07587DD75344,KOP-362D85A5CD46,Telur Ayam,61,2025-06-25 09:23:21,2025-11-01 06:57:50,
INV-D7F1269FBDC6,PROD-C35DFA0A4D66,KOP-362D85A5CD46,Gula Pasir 1kg,63,2025-06-18 21:58:35,2026-01-21 13:10:35,
INV-E3EA2D1508B5,PROD-3473F0694969,KOP-362D85A5CD46,Minyak Goreng 1L,86,2025-02-14 05:42:17,2025-02-18 08:14:33,
INV-CA0097267D5B,PROD-A7B616C76D95,KOP-362D85A5CD46,Kopi Bubuk 200g,76,2025-03-09 15:15:12,2025-12-29 17:34:58,
INV-FE5BC2F3F7EB,PROD-A44CEF4C9209,KOP-9CF5E3251F71,Minyak Goreng 1L,59,2026-04-02 19:46:51,2025-07-01 14:37:53,
INV-9F6F827A8726,PROD-31F3A0A4060B,KOP-9CF5E3251F71,Minyak Goreng 1L,60,2025-05-01 19:47:26,2026-03-19 02:27:15,
INV-75CB308ACB64,PROD-47862CE28C17,KOP-9CF5E3251F71,Minyak Goreng 1L,89,2025-12-03 10:44:28,2026-01-09 21:42:32,
INV-C87C0A9F5BD7,PROD-01A8CF08B0F1,KOP-9CF5E3251F71,Beras 5kg,41,2026-04-01 18:03:21,2025-04-01 03:53:41,
INV-EDDE1F05394B,PROD-414F972BDF45,KOP-9CF5E3251F71,Telur Ayam,59,2026-02-26 05:11:56,2026-03-29 09:06:22,
INV-FFF1F45A3496,PROD-9B7F21731028,KOP-9CF5E3251F71,Beras 5kg,99,2025-07-30 07:20:00,2026-01-24 18:59:38,
INV-E87C354633C0,PROD-07D5D523B0A7,KOP-9CF5E3251F71,Telur Ayam,34,2026-04-15 15:45:04,2025-03-14 04:43:46,
INV-6C98BC401414,PROD-FEBF9FD825D0,KOP-5D4CC49511DA,Telur Ayam,25,2025-10-25 09:55:42,2025-11-19 10:13:26,
INV-0AA929DF3DA6,PROD-1E7710F5B9F2,KOP-5D4CC49511DA,Gas LPG 3kg,1,2025-08-25 00:15:10,2025-03-30 03:22:32,
INV-2B38EAF809B9,PROD-5796C39F35F0,KOP-5D4CC49511DA,Telur Ayam,28,2026-06-20 13:42:16,2026-04-28 09:43:23,
INV-C98CE2A2A959,PROD-3E04213C6363,KOP-5D4CC49511DA,Kopi Bubuk 200g,49,2026-06-28 08:26:16,2026-01-12 23:57:41,
INV-E2F6E447415E,PROD-A6DC6D10B5F2,KOP-5D4CC49511DA,Beras 5kg,74,2025-07-18 09:25:00,2025-01-31 22:00:40,
INV-2AEDF8E425D8,PROD-59AA231235DA,KOP-5D4CC49511DA,Telur Ayam,24,2026-02-26 09:27:09,2025-01-20 08:45:29,
INV-B344E7650A7E,PROD-BCC82382A898,KOP-5D4CC49511DA,Kopi Bubuk 200g,42,2025-12-10 04:31:07,2025-11-09 06:35:55,
INV-7AFE3B81F19C,PROD-7521ADA9838C,KOP-5D4CC49511DA,Minyak Goreng 1L,73,2025-12-04 10:41:33,2025-05-22 03:04:41,
INV-EE22C715A812,PROD-25E80C114A5C,KOP-289256142138,Kopi Bubuk 200g,99,2025-12-04 10:55:24,2026-04-03 16:27:27,
INV-A640F2E6FB1D,PROD-7080AC0E9D1F,KOP-289256142138,Telur Ayam,36,2025-05-01 04:35:40,2025-08-11 18:43:32,
INV-8F10580E0EA3,PROD-D9253FD24733,KOP-289256142138,Minyak Goreng 1L,4,2025-01-18 17:57:58,2025-03-05 10:22:38,
INV-21A3BD3EE930,PROD-6ABE48D45194,KOP-289256142138,Minyak Goreng 1L,88,2026-03-03 16:48:54,2025-09-29 03:50:31,
INV-658DE40B84B1,PROD-8C5D8AF8A3CD,KOP-289256142138,Gula Pasir 1kg,84,2026-05-16 04:16:29,2025-06-07 12:00:39,
INV-8C42EA658576,PROD-A42980EE37F0,KOP-289256142138,Kopi Bubuk 200g,100,2025-06-08 05:34:19,2026-05-18 05:22:16,
INV-3661D60BC77D,PROD-3C7C94479248,KOP-289256142138,Telur Ayam,47,2025-04-26 22:51:02,2025-07-26 10:03:35,
INV-0F5F8A6D6E0F,PROD-60CDB2D02B52,KOP-289256142138,Minyak Goreng 1L,55,2025-07-11 04:28:45,2026-03-11 20:19:30,
INV-5617366FBF9D,PROD-AAF6FA863D56,KOP-289256142138,Kopi Bubuk 200g,61,2026-03-01 15:06:03,2026-06-06 01:57:53,
INV-68097315FD8E,PROD-322D86128848,KOP-289256142138,Gas LPG 3kg,11,2025-01-31 18:18:15,2026-03-04 01:51:00,
INV-48E348F3C9E3,PROD-F2D5354FF61A,KOP-289256142138,Beras 5kg,50,2026-01-28 01:40:58,2025-09-06 02:29:47,
INV-EE8BCD6111C5,PROD-8714F2201E48,KOP-289256142138,Telur Ayam,69,2025-12-25 23:31:42,2025-01-26 03:12:13,
INV-35921F2DF884,PROD-B1DCBEEB0A8B,KOP-289256142138,Beras 5kg,4,2025-07-14 08:38:31,2025-08-11 20:46:38,
INV-5665D1F05E43,PROD-3445FC531132,KOP-BBCA966C8835,Telur Ayam,59,2026-05-31 19:08:15,2025-06-18 23:27:35,
INV-B15CCF2AF13F,PROD-7BE2615FF8A9,KOP-BBCA966C8835,Kopi Bubuk 200g,58,2025-05-24 00:19:59,2025-10-11 00:47:19,
INV-7DB338014092,PROD-E1B60E518FA5,KOP-BBCA966C8835,Gas LPG 3kg,100,2025-06-27 10:44:32,2026-02-17 03:50:47,
INV-7966F427C010,PROD-E24B3E924C3F,KOP-BBCA966C8835,Minyak Goreng 1L,12,2025-01-24 11:18:34,2026-03-14 14:53:09,
INV-53DA4B845C94,PROD-E1175D176841,KOP-BBCA966C8835,Gas LPG 3kg,55,2025-05-10 10:38:38,2025-11-04 18:06:56,
INV-2C83904BA2A2,PROD-60AEE3D93A96,KOP-DE8D10000BBC,Minyak Goreng 1L,41,2025-07-21 02:46:30,2025-01-27 18:19:11,
INV-595CB559F098,PROD-A68B5F94EFBA,KOP-DE8D10000BBC,Kopi Bubuk 200g,80,2026-03-02 00:28:56,2026-03-12 15:19:04,
INV-E45E007A0444,PROD-B231FCCEC759,KOP-DE8D10000BBC,Gas LPG 3kg,76,2026-02-28 08:49:24,2026-04-02 11:16:08,
INV-F5363C5F75BF,PROD-38F915DEBC36,KOP-DE8D10000BBC,Gula Pasir 1kg,89,2025-02-07 14:02:42,2025-12-13 00:19:33,
INV-F232FA1697FF,PROD-3FB48879A593,KOP-DE8D10000BBC,Minyak Goreng 1L,1,2025-04-15 03:54:47,2025-06-18 11:35:36,
