transaksi_sample_id,koperasi_ref,nama_pelanggan,tanggal_dibuat,total_pembayaran,status_transaksi,metode_pembayaran,dibuat_pada,diperbarui_pada
TRX-FC371ADC2B6C,KOP-AC0D0FFB3A40,Pelanggan-DBCF7D63,2026-01-21 15:17:08,76395,Paid,QRIS,2025-12-16 05:43:51,2026-01-14 11:20:46
TRX-63B82C7B3EE4,KOP-AC0D0FFB3A40,Pelanggan-3366D847,2026-03-30 15:26:16,91330,Paid,QRIS,2026-03-29 15:04:47,2025-10-07 07:50:55
TRX-C08B77E9D7C6,KOP-AC0D0FFB3A40,Pelanggan-E87E300C,2025-11-12 01:39:12,194884,Paid,Cash,2026-02-09 21:49:14,2025-02-26 00:16:47
TRX-A6E8E4628563,KOP-AC0D0FFB3A40,Pelanggan-B8C8DAD4,2026-03-17 06:23:48,150386,Paid,Cash,2026-01-25 19:23:26,2025-08-24 18:12:50
TRX-8035BD52853D,KOP-AC0D0FFB3A40,Pelanggan-6D561A6D,2025-11-17 20:57:45,40411,Paid,QRIS,2026-02-19 23:18:24,2026-03-04 10:32:27
TRX-B8F741F38570,KOP-AC0D0FFB3A40,Pelanggan-78A310EF,2025-09-07 15:51:44,47751,Paid,QRIS,2026-06-21 02:51:48,2026-02-10 11:17:48
TRX-F773C9B83024,KOP-AC0D0FFB3A40,Pelanggan-FF82A64B,2025-07-18 12:43:13,153680,Paid,QRIS,2025-06-01 08:36:08,2025-04-16 05:19:54
TRX-441F0943B6F9,KOP-AC0D0FFB3A40,Pelanggan-FA28C475,2026-04-05 20:33:09,167779,Paid,QRIS,2025-11-20 05:29:46,2026-03-27 02:29:10
TRX-B32D92D64619,KOP-AC0D0FFB3A40,Pelanggan-604C0DB4,2026-04-18 16:27:13,101371,Paid,Cash,2025-02-28 13:25:31,2025-10-21 02:47:37
TRX-74C143F408CE,KOP-AC0D0FFB3A40,Pelanggan-A0B554E2,2025-07-12 11:42:23,169856,Paid,QRIS,2026-05-29 05:29:33,2025-03-05 16:24:10
TRX-56FE06B4A005,KOP-AC0D0FFB3A40,Pelanggan-77F43228,2026-06-21 19:01:57,135191,Paid,Cash,2026-01-08 13:34:30,2025-10-17 14:06:19
TRX-386FE32D9D83,KOP-AC0D0FFB3A40,Pelanggan-5F8CE764,2026-01-31 10:20:43,166266,Paid,QRIS,2025-06-03 12:08:14,2025-03-25 21:13:00
TRX-FF0C4B55E5A9,KOP-AC0D0FFB3A40,Pelanggan-2EFE65FE,2025-05-11 19:09:55,106108,Paid,Cash,2026-03-10 18:30:48,2026-01-06 00:39:49
TRX-0619D00EE433,KOP-5B98A03D10CB,Pelanggan-C401A8E0,2025-02-03 10:00:25,96569,Paid,Cash,2025-10-23 06:07:27,2026-04-14 20:35:40
TRX-FDAC297CBDBC,KOP-5B98A03D10CB,Pelanggan-DAA44AFB,2026-03-28 19:53:31,30907,Paid,Cash,2026-03-12 03:43:43,2025-09-11 10:50:21
TRX-EF7CA76E7487,KOP-5B98A03D10CB,Pelanggan-9A531F5C,2025-12-26 22:13:08,174120,Paid,QRIS,2025-06-19 22:26:00,2025-05-23 07:31:22
TRX-4AA646E9BAC7,KOP-5B98A03D10CB,Pelanggan-9432E834,2025-10-24 20:51:09,96712,Paid,QRIS,2026-06-11 03:28:01,2025-05-19 14:59:08
TRX-F63AD4EEF409,KOP-5B98A03D10CB,Pelanggan-07B79A47,2025-05-26 21:01:24,148308,Paid,QRIS,2026-03-01 13:39:34,2026-04-08 02:44:58
TRX-E54E127F7808,KOP-5B98A03D10CB,Pelanggan-AEB3FC98,2025-01-03 03:23:28,172556,Paid,QRIS,2026-01-02 02:18:20,2026-02-12 07:55:51
TRX-D7CBCA224A87,KOP-5B98A03D10CB,Pelanggan-8A29D02A,2025-12-18 01:45:45,147228,Paid,Cash,2025-04-12 22:47:54,2026-04-16 00:35:34
TRX-C5D6C8B39154,KOP-5B98A03D10CB,Pelanggan-172085F6,2025-06-12 09:58:36,99132,Paid,Cash,2026-01-05 09:06:59,2025-03-26 13:32:18
TRX-B1D83905018A,KOP-67F3AA4F6100,Pelanggan-B38E33C8,2026-06-18 10:25:48,180947,Paid,Cash,2025-06-29 23:18:44,2026-05-22 15:58:56
TRX-403A6E72C851,KOP-67F3AA4F6100,Pelanggan-5C978C61,2025-06-23 01:18:46,80731,Paid,QRIS,2025-09-02 23:50:54,2025-01-01 05:43:56
TRX-5291F884299E,KOP-67F3AA4F6100,Pelanggan-710C1C34,2025-03-12 03:16:58,24028,Paid,QRIS,2025-12-23 12:39:04,2025-10-11 08:14:21
TRX-8C1EFCADD7AC,KOP-67F3AA4F6100,Pelanggan-0F6E6721,2025-04-20 20:20:20,152707,Paid,Cash,2026-05-31 10:42:48,2025-12-15 04:15:36
TRX-DE3508FFA6BA,KOP-67F3AA4F6100,Pelanggan-25FDCCF5,2026-04-15 16:46:27,109040,Paid,Cash,2026-05-09 04:13:59,2025-09-22 02:27:34
TRX-A88DAFED85B1,KOP-67F3AA4F6100,Pelanggan-8ABD1F3C,2025-09-27 09:02:19,22548,Paid,QRIS,2025-04-06 14:31:28,2025-12-17 02:46:05
TRX-ED57E8021BA0,KOP-67F3AA4F6100,Pelanggan-3E2B7F05,2025-07-14 18:10:04,199072,Paid,Cash,2025-08-29 08:48:46,2025-09-29 07:31:42
TRX-83AE42435E68,KOP-67F3AA4F6100,Pelanggan-46B4CB69,2025-01-07 19:42:52,180911,Paid,Cash,2026-05-09 13:30:53,2025-11-19 17:55:32
TRX-E3EC79995194,KOP-67F3AA4F6100,Pelanggan-3198E746,2025-02-25 19:08:29,53618,Paid,QRIS,2026-05-05 19:41:19,2025-02-03 18:17:40
TRX-E990597C36A1,KOP-67F3AA4F6100,Pelanggan-6ABBCEB4,2025-08-04 13:48:52,23098,Paid,Cash,2025-11-30 13:09:55,2025-09-23 06:48:50
TRX-A7A969A416E3,KOP-67F3AA4F6100,Pelanggan-B0BC8631,2025-08-04 15:15:31,131134,Paid,QRIS,2026-01-09 14:35:06,2025-10-14 16:24:37
TRX-E679390AFA64,KOP-27EE7AE77F46,Pelanggan-97EA8B89,2025-10-12 07:07:32,78233,Paid,Cash,2025-03-27 19:36:10,2026-04-02 03:10:52
TRX-19D6DCDEB7C0,KOP-27EE7AE77F46,Pelanggan-36180246,2026-03-14 13:27:28,58783,Paid,QRIS,2026-01-17 00:26:37,2025-10-19 12:33:29
TRX-FBFF8667B6C7,KOP-27EE7AE77F46,Pelanggan-B4E45AE5,2026-03-11 15:04:49,62936,Paid,Cash,2025-03-30 05:13:47,2025-08-01 11:02:25
TRX-2D36E0BF0C1F,KOP-27EE7AE77F46,Pelanggan-B36E264F,2025-10-07 15:05:31,187459,Paid,Cash,2026-04-19 20:40:37,2025-05-21 07:15:17
TRX-F00EA5644AD2,KOP-27EE7AE77F46,Pelanggan-45F9EB9A,2026-04-20 08:10:28,166612,Paid,Cash,2025-01-03 05:36:28,2025-09-26 10:55:43
TRX-E05C19D0CFF3,KOP-27EE7AE77F46,Pelanggan-7CB671A8,2025-09-08 01:02:08,189026,Paid,Cash,2025-10-11 17:57:05,2025-03-10 21:48:17
TRX-F949C5A03691,KOP-27EE7AE77F46,Pelanggan-4BC9651F,2026-06-09 20:56:40,117832,Paid,Cash,2025-09-23 05:55:44,2025-03-01 05:19:14
TRX-35679979E9F8,KOP-27EE7AE77F46,Pelanggan-451B5574,2025-12-31 01:46:25,186788,Paid,QRIS,2025-10-26 19:16:57,2025-03-20 18:42:33
TRX-A9B12C583903,KOP-27EE7AE77F46,Pelanggan-1309B2D1,2025-11-05 09:53:00,199560,Paid,QRIS,2025-04-09 19:27:27,2025-12-27 05:13:57
TRX-702B58A3821E,KOP-27EE7AE77F46,Pelanggan-381CA110,2025-08-12 05:37:37,46848,Paid,Cash,2025-07-12 20:20:24,2026-06-23 19:22:22
TRX-AC66688A647C,KOP-27EE7AE77F46,Pelanggan-DF23DFAA,2025-12-23 11:20:38,145702,Paid,QRIS,2025-05-23 16:05:25,2026-06-20 12:27:12
TRX-2417A58749B0,KOP-27EE7AE77F46,Pelanggan-FC82B742,2025-08-03 04:44:27,52858,Paid,Cash,2026-03-12 04:04:03,2025-03-21 00:41:04
TRX-D84148A556DA,KOP-27EE7AE77F46,Pelanggan-46A3BCE0,2026-04-26 04:19:47,35536,Paid,QRIS,2025-02-14 02:24:43,2025-11-05 00:22:26
TRX-4C61854FD05D,KOP-FF3354FE674F,Pelanggan-EE60ECB1,2025-04-16 14:13:19,188037,Paid,QRIS,2026-03-31 01:54:30,2025-01-05 01:46:18
TRX-146808B4E63E,KOP-FF3354FE674F,Pelanggan-2D5C3738,2025-01-15 12:16:26,27325,Paid,Cash,2025-03-06 08:01:50,2025-04-09 06:06:44
TRX-A4501B070D7A,KOP-FF3354FE674F,Pelanggan-9403DFB0,2026-02-09 15:34:43,74295,Paid,Cash,2025-08-26 07:47:00,2025-04-19 12:58:57
TRX-9920A3EA2FFC,KOP-FF3354FE674F,Pelanggan-21E32086,2025-08-14 02:24:12,140265,Paid,QRIS,2026-01-13 01:35:59,2025-03-10 07:57:27
TRX-45F42ED0206C,KOP-FF3354FE674F,Pelanggan-62D370EF,2026-02-02 04:50:23,105027,Paid,QRIS,2025-06-29 23:07:57,2025-11-22 17:33:13
TRX-42C057658F52,KOP-FF3354FE674F,Pelanggan-F4F46709,2025-01-14 08:28:08,174001,Paid,Cash,2025-05-08 11:14:41,2025-08-31 15:36:04
TRX-C74A08C038CC,KOP-FF3354FE674F,Pelanggan-693F2B9F,2026-01-20 07:26:29,59759,Paid,Cash,2025-09-01 21:46:30,2026-03-31 11:58:02
TRX-F983B63C9E50,KOP-FF3354FE674F,Pelanggan-D54B56C5,2025-12-06 12:28:42,80033,Paid,Cash,2025-07-30 19:38:08,2025-02-25 09:02:30
TRX-33C057F255B9,KOP-FF3354FE674F,Pelanggan-8BDED7CD,2025-03-08 17:54:00,21584,Paid,Cash,2025-07-17 01:53:49,2025-05-25 07:26:07
TRX-4431925F101D,KOP-FF3354FE674F,Pelanggan-969E2542,2025-06-18 07:11:31,101648,Paid,Cash,2026-03-11 06:25:25,2025-09-12 11:02:08
TRX-759ACA9B9036,KOP-FF3354FE674F,Pelanggan-F74D6D6D,2025-06-21 17:08:17,119016,Paid,QRIS,2026-03-09 18:23:49,2026-03-20 05:40:31
TRX-BFB8514E5865,KOP-FF3354FE674F,Pelanggan-BF76CCC4,2025-09-21 13:51:06,66058,Paid,QRIS,2025-11-10 16:30:54,2025-10-18 13:39:31
TRX-A7260443D03E,KOP-FF3354FE674F,Pelanggan-AA20153A,2025-01-05 00:28:02,69709,Paid,QRIS,2026-05-19 14:43:45,2026-03-02 14:22:07
TRX-81931A0F5D05,KOP-54442CE443AF,Pelanggan-2B2ADFF5,2026-04-20 02:52:02,59724,Paid,Cash,2025-08-26 07:51:05,2025-05-25 05:51:48
TRX-4C9F0DA615A7,KOP-54442CE443AF,Pelanggan-636BEA57,2026-03-18 01:27:24,114454,Paid,QRIS,2025-09-02 07:36:10,2025-03-18 05:32:55
TRX-3DFE461C6FF9,KOP-54442CE443AF,Pelanggan-B2254F5F,2026-04-11 11:25:19,44671,Paid,Cash,2025-10-30 05:52:44,2025-03-11 10:11:55
TRX-41D81C049568,KOP-54442CE443AF,Pelanggan-617F1058,2026-03-29 23:40:35,87115,Paid,Cash,2025-05-07 20:42:25,2026-05-15 01:26:29
TRX-A7224429CB84,KOP-54442CE443AF,Pelanggan-9D651CF4,2025-11-18 13:36:19,183743,Paid,Cash,2026-02-28 18:25:14,2026-04-06 09:34:09
TRX-00C4A6673994,KOP-54442CE443AF,Pelanggan-9EE5886C,2025-06-12 20:45:28,118519,Paid,QRIS,2025-03-16 08:07:15,2026-02-02 16:49:51
TRX-4F982BFE36D4,KOP-54442CE443AF,Pelanggan-3C778665,2026-02-11 15:46:09,48402,Paid,Cash,2026-02-16 11:58:06,2025-03-08 11:33:07
TRX-39B44A9C9E97,KOP-B75BA893E859,Pelanggan-4AFD5EAA,2025-07-19 00:14:33,161011,Paid,QRIS,2025-01-27 13:27:16,2025-07-28 10:15:41
TRX-39FB97A2F125,KOP-B75BA893E859,Pelanggan-B0DEBB7C,2026-03-19 17:57:31,136498,Paid,QRIS,2025-03-30 04:58:53,2025-10-13 04:14:24
TRX-1CEC2F92F1A8,KOP-B75BA893E859,Pelanggan-E9B7714E,2026-06-10 02:41:50,138872,Paid,QRIS,2025-02-09 15:46:43,2025-04-13 18:58:47
TRX-1283D781FC11,KOP-B75BA893E859,Pelanggan-8E4FC7CC,2025-08-14 07:07:27,118620,Paid,QRIS,2026-04-27 05:30:48,2026-05-12 06:48:44
TRX-C51F45995097,KOP-B75BA893E859,Pelanggan-E031C71F,2025-03-10 17:51:55,133854,Paid,Cash,2025-07-02 01:24:47,2026-03-05 09:34:41
TRX-748B304A759D,KOP-B75BA893E859,Pelanggan-891101C4,2025-11-04 08:26:34,67202,Paid,QRIS,2026-05-12 17:50:54,2026-02-06 21:46:00
TRX-9E9FDF1D0E17,KOP-B75BA893E859,Pelanggan-3EE9D292,2025-11-30 09:00:26,137223,Paid,QRIS,2025-04-29 06:24:54,2026-04-21 11:36:39
TRX-54F06B98181F,KOP-B75BA893E859,Pelanggan-CBF34869,2025-10-25 09:45:17,27592,Paid,Cash,2026-02-23 02:12:49,2025-11-27 09:31:29
TRX-9D2E64807D3C,KOP-B75BA893E859,Pelanggan-5E44E541,2026-05-13 07:58:17,90337,Paid,QRIS,2025-02-16 11:13:57,2026-04-04 14:55:14
TRX-2DE5105EDFBC,KOP-B75BA893E859,Pelanggan-56B1EA77,2025-01-21 00:46:07,178586,Paid,QRIS,2025-04-03 12:08:04,2025-12-28 20:07:48
TRX-5D1F88DF78B1,KOP-B75BA893E859,Pelanggan-CF8BE0B0,2026-02-10 08:20:59,160430,Paid,QRIS,2025-06-15 13:36:45,2025-12-06 15:03:04
TRX-AA8CCC5BDEB0,KOP-B75BA893E859,Pelanggan-333CD3EB,2026-05-12 01:32:22,124316,Paid,Cash,2025-10-17 10:58:33,2025-01-25 08:22:27
TRX-3C34E017A498,KOP-B75BA893E859,Pelanggan-E4160DE3,2025-03-28 02:47:10,90778,Paid,Cash,2026-06-01 15:07:24,2025-01-21 00:32:12
TRX-02A6DB52C27F,KOP-BDF249453F76,Pelanggan-AD78D7AA,2025-02-04 08:39:32,186364,Paid,Cash,2026-02-11 11:44:34,2025-01-12 20:49:44
TRX-C5FAC5139E2D,KOP-BDF249453F76,Pelanggan-12A7192F,2025-09-27 19:52:29,182873,Paid,QRIS,2025-05-01 10:10:09,2026-06-11 12:16:57
TRX-1CFD55611E76,KOP-BDF249453F76,Pelanggan-F5DAB08B,2025-03-06 13:18:16,88908,Paid,QRIS,2025-01-27 19:46:53,2025-05-10 03:26:37
TRX-17EC52066D10,KOP-BDF249453F76,Pelanggan-B89173AC,2026-03-23 20:08:41,138637,Paid,Cash,2026-06-01 06:38:55,2026-02-12 18:36:05
TRX-14035DBB7E09,KOP-BDF249453F76,Pelanggan-AC16CB8C,2026-06-22 01:42:39,159083,Paid,QRIS,2025-08-24 19:19:42,2025-06-20 13:38:02
TRX-98A9551E4E65,KOP-BDF249453F76,Pelanggan-7EE89883,2025-10-31 14:11:28,125086,Paid,QRIS,2026-05-03 17:02:22,2025-11-26 04:57:21
TRX-9E4D622E241D,KOP-BDF249453F76,Pelanggan-178C0E90,2025-05-24 05:14:07,127577,Paid,QRIS,2025-06-14 08:49:40,2026-02-05 05:48:18
TRX-46FF257C34BD,KOP-9356583AAD08,Pelanggan-65695690,2026-05-07 20:25:09,148891,Paid,QRIS,2025-09-12 02:49:40,2025-04-20 00:00:35
TRX-0175BB789E51,KOP-9356583AAD08,Pelanggan-893DDDB3,2025-06-13 03:32:24,119987,Paid,Cash,2026-01-12 07:50:20,2025-07-15 15:24:25
TRX-0AA2CDA366FD,KOP-9356583AAD08,Pelanggan-0528E4BE,2025-05-26 09:33:55,99180,Paid,QRIS,2025-07-29 04:22:51,2025-02-01 17:20:56
TRX-F32526C977C5,KOP-9356583AAD08,Pelanggan-D28F7661,2026-05-07 02:18:14,25913,Paid,Cash,2025-08-09 02:22:20,2026-02-12 13:44:29
TRX-1EB029E85D34,KOP-9356583AAD08,Pelanggan-F245EC10,2025-03-06 10:13:28,31543,Paid,QRIS,2026-05-06 07:22:48,2025-10-01 00:53:19
TRX-38DA702A5083,KOP-9356583AAD08,Pelanggan-D3EA0064,2026-05-16 08:25:45,134122,Paid,Cash,2025-10-21 13:15:14,2025-04-01 21:46:27
TRX-770E7BEFD872,KOP-9356583AAD08,Pelanggan-6FBAE24F,2025-12-22 14:49:06,187592,Paid,Cash,2026-02-16 13:32:53,2026-04-24 12:38:59
TRX-8E6FC5B75643,KOP-5BEBDAD959DA,Pelanggan-C67BD9E8,2025-02-22 18:04:55,177350,Paid,Cash,2026-07-01 20:06:38,2025-10-22 04:13:07
TRX-4580CEBD8B03,KOP-5BEBDAD959DA,Pelanggan-046F98F0,2025-09-09 17:28:16,106186,Paid,Cash,2025-04-12 04:43:43,2025-09-22 06:09:14
TRX-AB510A42F0A4,KOP-5BEBDAD959DA,Pelanggan-71F29B1F,2025-10-23 11:16:05,45586,Paid,Cash,2025-03-20 05:39:50,2025-05-05 00:07:16
TRX-FC5F5D33136B,KOP-5BEBDAD959DA,Pelanggan-9B4AFB6D,2026-04-22 18:35:48,160140,Paid,Cash,2026-05-08 22:22:06,2025-10-12 03:01:54
TRX-4FDBE7488D5A,KOP-5BEBDAD959DA,Pelanggan-EC655D45,2025-03-30 02:18:34,182618,Paid,Cash,2025-05-30 12:27:19,2025-06-14 19:00:30
TRX-24FE99784B80,KOP-5BEBDAD959DA,Pelanggan-88627F0F,2025-04-17 18:39:23,133351,Paid,QRIS,2025-08-06 06:05:57,2025-07-14 22:36:45
TRX-8542C2ABE69E,KOP-5BEBDAD959DA,Pelanggan-3F3DB6EF,2026-01-13 07:14:58,104466,Paid,Cash,2025-02-07 16:29:23,2025-07-12 00:08:07
TRX-6F677B597F9E,KOP-5BEBDAD959DA,Pelanggan-006D931A,2025-03-29 04:52:54,141498,Paid,Cash,2026-06-18 20:26:25,2025-04-30 21:35:10
TRX-AB874DFBD307,KOP-5BEBDAD959DA,Pelanggan-B74FF5E4,2026-03-12 10:41:03,101804,Paid,Cash,2025-04-20 01:59:57,2025-11-04 04:59:06
TRX-5C5C43FDD776,KOP-436D469B2466,Pelanggan-C7D87FF2,2025-12-01 04:54:06,22291,Paid,Cash,2025-10-21 13:40:27,2025-05-12 00:37:23
TRX-57F7A3255A41,KOP-436D469B2466,Pelanggan-C1DC2591,2025-12-20 04:40:03,194837,Paid,QRIS,2025-01-18 03:32:16,2025-08-23 16:31:11
TRX-3AD0BCD75C69,KOP-436D469B2466,Pelanggan-1541F179,2026-02-01 11:10:31,116125,Paid,Cash,2025-08-06 00:59:04,2025-09-23 02:43:43
TRX-B4A0BF23632B,KOP-436D469B2466,Pelanggan-F5E4E080,2025-06-15 17:27:04,181022,Paid,Cash,2026-05-22 10:07:08,2025-03-03 06:03:24
TRX-26C5B93592F6,KOP-436D469B2466,Pelanggan-4FD58433,2025-05-14 04:36:18,79821,Paid,QRIS,2026-06-28 23:40:09,2025-04-20 12:27:57
TRX-05CCA8F98A0C,KOP-436D469B2466,Pelanggan-3C35338D,2025-01-18 22:25:58,52687,Paid,QRIS,2026-02-20 18:04:22,2026-04-08 13:25:08
TRX-0F6287482CB2,KOP-436D469B2466,Pelanggan-725A751F,2026-03-12 06:16:47,94722,Paid,Cash,2025-09-15 17:27:38,2025-04-19 04:58:58
TRX-4BB9FAF94FBA,KOP-436D469B2466,Pelanggan-2D4EE4D6,2025-05-06 01:24:36,154789,Paid,Cash,2025-01-28 15:01:16,2025-08-24 03:39:16
TRX-AF42C82E3FBE,KOP-436D469B2466,Pelanggan-BCBD9735,2025-01-14 18:49:04,162704,Paid,Cash,2026-01-11 16:18:08,2025-04-20 05:23:35
TRX-0E4077048313,KOP-436D469B2466,Pelanggan-39C003EF,2026-02-23 16:29:30,31128,Paid,Cash,2025-09-10 01:57:42,2026-04-19 08:20:40
TRX-0B12EFEB1E39,KOP-9731896E0A0B,Pelanggan-BB85F5D0,2025-12-19 05:54:07,43811,Paid,Cash,2025-01-07 06:35:15,2025-07-13 15:42:30
TRX-C0D2DE7179B8,KOP-9731896E0A0B,Pelanggan-383713D1,2026-05-16 00:09:20,170169,Paid,QRIS,2025-04-07 15:47:30,2025-04-19 04:04:48
TRX-6CF899E42365,KOP-9731896E0A0B,Pelanggan-D9B43023,2026-04-27 06:05:51,141569,Paid,Cash,2026-01-26 20:14:37,2026-06-14 01:37:07
TRX-4C636C04DC60,KOP-9731896E0A0B,Pelanggan-18C0A998,2026-06-05 21:11:08,60520,Paid,QRIS,2025-06-26 18:32:04,2025-10-10 12:04:36
TRX-FB9E691353FC,KOP-9731896E0A0B,Pelanggan-D9F24A7A,2025-07-01 20:04:06,34149,Paid,Cash,2025-10-29 19:32:20,2025-05-11 22:45:55
TRX-929EA3ABCCB0,KOP-9731896E0A0B,Pelanggan-22B82933,2025-08-05 04:47:39,93075,Paid,Cash,2025-03-09 15:20:41,2026-01-04 21:01:04
TRX-DFCD7D5C654E,KOP-F5BE80E71859,Pelanggan-A0D74056,2026-03-05 02:55:58,24597,Paid,QRIS,2025-12-24 19:45:37,2025-03-27 05:09:40
TRX-43B727C81552,KOP-F5BE80E71859,Pelanggan-7DF85B28,2025-11-27 14:56:46,38700,Paid,Cash,2025-02-13 05:31:15,2025-11-22 11:29:53
TRX-C8E098ECFDDB,KOP-F5BE80E71859,Pelanggan-6C700DF8,2025-10-31 06:32:57,183164,Paid,Cash,2026-03-18 13:43:31,2025-03-19 12:12:18
TRX-D0D84531E015,KOP-F5BE80E71859,Pelanggan-D2C2F202,2025-08-17 23:50:13,48041,Paid,Cash,2025-02-14 09:55:31,2025-08-18 05:43:02
TRX-39F3FBA6FDC9,KOP-F5BE80E71859,Pelanggan-8B2E6E15,2026-06-08 04:06:05,97613,Paid,QRIS,2025-06-07 15:51:14,2026-03-04 19:30:26
TRX-7A55E30CBC85,KOP-F5BE80E71859,Pelanggan-743C2603,2025-03-01 14:10:47,165823,Paid,QRIS,2025-11-09 04:51:46,2025-01-01 01:33:01
TRX-5196EEF40D6A,KOP-F5BE80E71859,Pelanggan-3611A3C4,2025-11-18 18:57:39,84107,Paid,QRIS,2026-02-02 23:13:18,2026-02-16 10:15:32
TRX-DAAF9CF0D189,KOP-8D601754AAF5,Pelanggan-0054B6A2,2025-05-05 09:10:46,43588,Paid,Cash,2026-02-20 00:05:47,2025-01-24 21:06:15
TRX-0FE9E9D15E57,KOP-8D601754AAF5,Pelanggan-5C524D0C,2026-06-29 21:00:50,172560,Paid,QRIS,2025-02-15 14:08:02,2025-01-10 19:43:31
TRX-3C166C1E4A2F,KOP-8D601754AAF5,Pelanggan-97E3831B,2025-02-11 01:50:40,84210,Paid,Cash,2026-06-12 10:05:50,2025-08-13 09:04:02
TRX-3EC686B11FAE,KOP-8D601754AAF5,Pelanggan-FBB6DA0B,2025-04-05 21:59:44,103451,Paid,QRIS,2025-09-23 12:00:17,2026-05-29 05:09:09
TRX-F87A30F46D53,KOP-8D601754AAF5,Pelanggan-D1664FB4,2025-11-28 08:42:28,73334,Paid,QRIS,2026-02-27 14:58:05,2025-01-31 16:15:20
TRX-F706E091BC7D,KOP-8D601754AAF5,Pelanggan-6676B693,2025-02-24 03:28:36,58868,Paid,Cash,2025-05-22 09:43:15,2025-01-17 05:04:15
TRX-3B099C38824A,KOP-8D601754AAF5,Pelanggan-D78E1759,2025-01-02 05:26:07,95755,Paid,QRIS,2025-05-25 01:13:34,2026-06-28 12:37:16
TRX-B3FF5DE35034,KOP-8D601754AAF5,Pelanggan-EBEC09CE,2025-07-17 14:59:07,187031,Paid,QRIS,2025-06-13 08:05:33,2025-12-19 16:32:43
TRX-A62EDD43DBA6,KOP-8D601754AAF5,Pelanggan-B87D600A,2025-04-20 19:59:12,107035,Paid,Cash,2026-03-05 02:31:42,2025-06-30 22:59:38
TRX-943CC60AE0E5,KOP-8D601754AAF5,Pelanggan-92D5FFBE,2025-06-27 07:58:33,141804,Paid,Cash,2025-09-28 15:31:38,2026-02-23 00:51:24
TRX-6E8D3BF12148,KOP-8D601754AAF5,Pelanggan-4426AD65,2025-06-29 07:18:00,43522,Paid,Cash,2026-03-14 02:29:57,2025-12-26 03:15:40
TRX-387C48AB8F19,KOP-8D601754AAF5,Pelanggan-02E94919,2025-08-18 09:24:48,105223,Paid,QRIS,2026-01-26 01:40:29,2025-11-09 23:51:04
TRX-C705168484A2,KOP-8D601754AAF5,Pelanggan-901E814D,2025-04-01 12:07:13,183063,Paid,Cash,2025-01-08 13:19:25,2026-05-27 22:47:20
TRX-C9D2DF9E5E89,KOP-8D601754AAF5,Pelanggan-4E25121D,2026-02-24 19:28:11,148757,Paid,Cash,2025-06-17 11:34:21,2025-04-14 04:35:43
TRX-3ED16EEC61B1,KOP-82FA8CDD09D6,Pelanggan-DBB73CB5,2025-05-19 10:48:28,61882,Paid,Cash,2025-12-04 22:36:46,2025-06-04 02:01:29
TRX-9BCE16E6EA3B,KOP-82FA8CDD09D6,Pelanggan-584109A7,2025-09-25 20:20:29,46818,Paid,QRIS,2025-05-09 20:41:39,2025-02-04 23:37:50
TRX-D599253D05C2,KOP-82FA8CDD09D6,Pelanggan-91ACA9B8,2025-01-03 16:19:54,184612,Paid,QRIS,2026-02-23 03:39:33,2026-06-23 15:40:41
TRX-75307A3BAB4E,KOP-82FA8CDD09D6,Pelanggan-72FFA04C,2025-05-04 05:56:52,87535,Paid,QRIS,2025-08-19 02:38:28,2025-07-18 17:33:17
TRX-F121F689722E,KOP-82FA8CDD09D6,Pelanggan-FF6FF9C7,2025-06-23 02:40:04,188391,Paid,QRIS,2025-12-25 02:15:40,2025-08-20 15:15:24
TRX-B996A09C00BC,KOP-82FA8CDD09D6,Pelanggan-0035974B,2026-06-13 17:37:55,71976,Paid,Cash,2025-08-04 16:44:03,2025-02-11 06:54:47
TRX-3C1A2C601244,KOP-82FA8CDD09D6,Pelanggan-DCF606EB,2026-03-18 00:56:04,149337,Paid,QRIS,2026-03-02 04:41:05,2025-08-19 11:28:35
TRX-9272D046CDF0,KOP-82FA8CDD09D6,Pelanggan-227B7AA7,2025-02-04 20:17:34,185117,Paid,QRIS,2025-04-02 17:35:49,2025-09-02 23:56:08
TRX-CAF5C697D7E6,KOP-82FA8CDD09D6,Pelanggan-5C932AAD,2025-02-07 22:01:40,87054,Paid,Cash,2025-12-29 18:31:40,2025-01-02 12:32:09
TRX-E4BD78AA79B2,KOP-BF8E36AE042F,Pelanggan-A9D5FDCD,2026-03-08 06:33:17,153495,Paid,QRIS,2025-02-11 18:38:22,2026-04-01 03:44:08
TRX-89C7837F1932,KOP-BF8E36AE042F,Pelanggan-D10BE960,2025-05-25 00:16:50,55540,Paid,QRIS,2026-02-22 06:08:05,2025-07-16 18:15:32
TRX-5F14266FD44C,KOP-BF8E36AE042F,Pelanggan-BA39649A,2025-07-05 06:22:16,58819,Paid,Cash,2025-10-18 00:28:46,2025-10-12 17:09:00
TRX-CECCE0BAF0D2,KOP-BF8E36AE042F,Pelanggan-07066A33,2025-02-09 20:10:45,44187,Paid,QRIS,2026-04-09 22:02:23,2025-04-29 08:18:27
TRX-AD611AF8A557,KOP-BF8E36AE042F,Pelanggan-AD0A65B3,2025-05-30 05:59:51,136128,Paid,Cash,2025-01-08 15:53:56,2025-10-24 04:17:01
TRX-F659B614E2F8,KOP-BF8E36AE042F,Pelanggan-A106DA3F,2025-01-30 04:38:48,82983,Paid,Cash,2025-03-16 00:51:50,2025-11-04 03:43:32
TRX-7942D225C345,KOP-BF8E36AE042F,Pelanggan-F94CD641,2025-04-08 23:52:35,153834,Paid,QRIS,2025-10-22 17:05:42,2026-02-24 16:32:04
TRX-51AEA05E7AFD,KOP-BF8E36AE042F,Pelanggan-B48A07E8,2025-08-17 00:49:18,179971,Paid,QRIS,2025-08-16 12:32:15,2026-05-25 20:21:41
TRX-EA90D3D044EE,KOP-BF8E36AE042F,Pelanggan-1559F26F,2026-04-01 09:07:24,193186,Paid,Cash,2026-02-17 21:42:33,2025-01-15 11:36:43
TRX-1C9F6F8B24F5,KOP-BF8E36AE042F,Pelanggan-154F74B1,2025-10-12 06:47:34,162798,Paid,Cash,2026-03-06 21:56:42,2026-03-17 20:37:24
TRX-5813E2155000,KOP-BF8E36AE042F,Pelanggan-44A986E4,2025-03-10 01:45:53,118897,Paid,QRIS,2025-12-06 15:18:19,2026-04-16 08:45:34
TRX-7B9B702A1B3F,KOP-B4B7D0AB7FB3,Pelanggan-ECE7D6FD,2026-02-06 10:54:44,133816,Paid,QRIS,2025-09-04 05:36:58,2025-01-31 16:46:27
TRX-2A12C013DCA8,KOP-B4B7D0AB7FB3,Pelanggan-9EB8EA2B,2026-02-23 22:12:44,61698,Paid,Cash,2025-09-15 10:57:02,2025-09-07 15:40:42
TRX-CECD5A8D92AB,KOP-B4B7D0AB7FB3,Pelanggan-4767423F,2025-02-02 21:41:43,114680,Paid,Cash,2026-06-29 09:47:56,2026-02-15 16:52:29
TRX-37CEE1CEE5D9,KOP-B4B7D0AB7FB3,Pelanggan-E540FDC2,2026-04-24 16:16:07,31974,Paid,Cash,2026-05-17 05:09:56,2025-11-19 09:49:02
TRX-0060B31A3B1B,KOP-B4B7D0AB7FB3,Pelanggan-F1966693,2025-12-26 04:00:09,107839,Paid,QRIS,2025-02-09 04:49:47,2025-01-05 10:55:08
TRX-1F5ABF0B34BA,KOP-B4B7D0AB7FB3,Pelanggan-429B4F61,2026-04-21 21:43:20,56508,Paid,QRIS,2025-08-27 08:08:53,2026-05-19 22:35:22
TRX-3787E49400B6,KOP-B4B7D0AB7FB3,Pelanggan-ACDBEC0B,2025-10-09 06:04:31,27652,Paid,QRIS,2026-01-02 06:43:22,2026-04-17 09:37:08
TRX-EC5A23D375FB,KOP-B4B7D0AB7FB3,Pelanggan-034AB2D3,2026-05-23 08:08:07,115283,Paid,Cash,2025-12-25 12:41:26,2025-10-27 12:27:35
TRX-A44D30C4FB24,KOP-389809E3CF0B,Pelanggan-1E274777,2026-05-02 10:14:42,130072,Paid,Cash,2025-09-29 05:28:19,2025-01-24 17:28:36
TRX-A7D10FF04AE3,KOP-389809E3CF0B,Pelanggan-53AE440C,2025-03-19 11:32:41,43138,Paid,QRIS,2025-08-01 23:43:44,2025-08-01 02:09:45
TRX-AB317F0623AB,KOP-389809E3CF0B,Pelanggan-849BA1DE,2025-06-03 08:49:01,152707,Paid,QRIS,2025-09-27 12:30:10,2025-09-08 19:07:36
TRX-42BB7AF244C6,KOP-389809E3CF0B,Pelanggan-053468B1,2026-03-17 01:09:40,127903,Paid,Cash,2025-02-07 09:28:28,2026-04-23 01:03:08
TRX-E7FC01E863C3,KOP-389809E3CF0B,Pelanggan-8DA9FD30,2026-05-29 20:40:09,177288,Paid,QRIS,2025-11-18 02:55:31,2025-03-30 19:56:17
TRX-7558DB0FCA4A,KOP-389809E3CF0B,Pelanggan-36945604,2025-11-16 11:09:22,40054,Paid,QRIS,2026-04-05 15:28:32,2025-04-06 18:35:41
TRX-C3E5CD889208,KOP-389809E3CF0B,Pelanggan-1AE12791,2026-01-28 19:56:09,195954,Paid,Cash,2025-01-17 13:34:32,2025-05-17 13:25:47
TRX-C04B1E7374DC,KOP-389809E3CF0B,Pelanggan-5AD91EC6,2025-08-27 08:25:50,63010,Paid,Cash,2025-07-04 20:54:28,2025-07-10 18:04:21
TRX-6156B2A17D55,KOP-389809E3CF0B,Pelanggan-09C53524,2025-03-10 09:13:30,60780,Paid,Cash,2025-12-30 02:26:52,2025-08-10 03:12:45
TRX-3C3B5D1A04D1,KOP-389809E3CF0B,Pelanggan-A932A964,2025-04-03 09:13:24,75892,Paid,QRIS,2026-05-28 12:21:49,2025-06-21 09:30:29
TRX-32E4CCCA3091,KOP-389809E3CF0B,Pelanggan-2959E365,2025-01-18 06:03:41,47030,Paid,Cash,2026-06-01 17:30:26,2025-08-20 13:00:38
TRX-AEF61704E888,KOP-389809E3CF0B,Pelanggan-7A7B67A8,2025-04-03 07:24:40,73421,Paid,QRIS,2025-03-20 18:24:14,2025-07-12 00:18:55
TRX-A832A2C1F6D7,KOP-362D85A5CD46,Pelanggan-E8B93072,2025-06-07 01:12:12,175687,Paid,Cash,2026-02-27 21:49:50,2025-08-25 01:55:53
TRX-49DF41A88A7A,KOP-362D85A5CD46,Pelanggan-5DC286C2,2025-04-27 16:45:08,48503,Paid,Cash,2025-07-06 14:25:04,2025-11-15 02:23:48
TRX-9090392F6250,KOP-362D85A5CD46,Pelanggan-39BD2723,2025-05-09 22:13:23,89702,Paid,Cash,2025-08-11 12:00:48,2026-06-25 09:56:09
TRX-6662B3710643,KOP-362D85A5CD46,Pelanggan-7939F75B,2026-03-02 17:31:24,129381,Paid,QRIS,2025-03-26 12:50:56,2025-09-13 21:40:04
TRX-FCDCD5B3F368,KOP-362D85A5CD46,Pelanggan-9E0050D7,2025-01-11 01:33:17,105051,Paid,Cash,2025-05-27 22:01:53,2025-01-17 20:55:20
TRX-E5EA2996045F,KOP-362D85A5CD46,Pelanggan-CEDA5C11,2025-11-05 05:18:10,101727,Paid,QRIS,2026-05-31 17:47:59,2025-09-13 11:49:43
TRX-C5790789B9C3,KOP-362D85A5CD46,Pelanggan-60EDBB91,2025-05-28 02:13:37,149160,Paid,QRIS,2026-03-30 13:14:28,2025-10-02 20:47:09
TRX-135799973AC9,KOP-362D85A5CD46,Pelanggan-A76DE949,2025-08-06 21:28:47,103745,Paid,Cash,2025-12-22 06:21:14,2026-06-10 17:04:07
TRX-5E21479E1B98,KOP-362D85A5CD46,Pelanggan-3C9EEBDE,2025-01-21 17:31:38,84559,Paid,Cash,2025-10-11 12:23:35,2025-09-12 22:54:13
TRX-62447EC8ECB1,KOP-9CF5E3251F71,Pelanggan-9BEC192B,2026-06-13 21:21:41,171458,Paid,Cash,2025-01-08 18:03:11,2025-10-15 14:12:52
TRX-16781129005D,KOP-9CF5E3251F71,Pelanggan-F000E5B0,2026-02-08 01:46:15,106077,Paid,Cash,2025-08-05 18:57:51,2026-05-13 19:41:50
TRX-B445E6400DA0,KOP-9CF5E3251F71,Pelanggan-D3172521,2025-04-18 19:52:58,154356,Paid,QRIS,2025-08-29 20:56:56,2026-04-24 14:24:54
TRX-47BD2B95DE54,KOP-9CF5E3251F71,Pelanggan-80DD58C6,2025-10-19 22:24:31,173979,Paid,QRIS,2025-10-11 11:22:57,2026-04-19 23:23:42
TRX-49E12A2E81CD,KOP-9CF5E3251F71,Pelanggan-BD606520,2026-03-13 04:55:52,64657,Paid,QRIS,2025-12-18 10:22:10,2025-08-26 10:50:22
TRX-2D4C54B4D7BB,KOP-9CF5E3251F71,Pelanggan-A803AC39,2026-06-12 07:37:13,171975,Paid,QRIS,2025-02-25 16:49:23,2026-03-16 13:14:53
TRX-6BC0399E0533,KOP-9CF5E3251F71,Pelanggan-88B4D78D,2026-01-23 17:21:54,38885,Paid,QRIS,2025-08-12 11:09:44,2025-02-09 17:47:48
TRX-82AABEE66DC5,KOP-9CF5E3251F71,Pelanggan-EAA0F586,2025-07-17 11:30:58,44620,Paid,Cash,2025-01-03 17:54:38,2026-06-05 19:27:51
TRX-D3A505BD2431,KOP-9CF5E3251F71,Pelanggan-CF003A10,2025-01-14 08:36:11,94061,Paid,Cash,2026-02-23 21:10:37,2025-12-15 04:43:45
TRX-FF71D1095EF7,KOP-9CF5E3251F71,Pelanggan-539BADC3,2025-06-12 16:41:49,71266,Paid,Cash,2025-11-18 12:03:06,2025-05-02 10:22:01
TRX-670EEF8C0891,KOP-9CF5E3251F71,Pelanggan-154F4CFC,2025-10-02 17:33:06,84400,Paid,QRIS,2025-03-18 10:37:55,2026-03-11 22:17:45
TRX-8ECBB67BE95C,KOP-9CF5E3251F71,Pelanggan-B620C8F5,2025-06-02 01:20:16,30984,Paid,Cash,2026-02-25 04:08:02,2026-04-27 09:09:21
TRX-F53C41F32645,KOP-9CF5E3251F71,Pelanggan-3960B1B6,2025-04-24 05:49:46,122662,Paid,Cash,2025-09-13 21:44:18,2025-04-06 23:06:53
TRX-26F4174FE21B,KOP-9CF5E3251F71,Pelanggan-92DC33B6,2025-06-22 05:26:25,60323,Paid,Cash,2025-01-28 13:16:39,2026-01-31 10:46:42
TRX-F8C5A25711E0,KOP-9CF5E3251F71,Pelanggan-C51C40D7,2025-12-15 21:08:24,104893,Paid,QRIS,2025-02-22 04:35:24,2026-02-22 07:43:39
TRX-B680FD541BF4,KOP-5D4CC49511DA,Pelanggan-86DA0D7A,2026-03-22 04:44:55,112727,Paid,QRIS,2025-12-18 06:08:12,2026-05-28 00:16:56
TRX-D9DFE7287CF6,KOP-5D4CC49511DA,Pelanggan-5BF99192,2025-10-19 11:36:42,140837,Paid,Cash,2025-08-28 11:23:51,2025-05-01 14:54:07
TRX-1D7A6ED32D83,KOP-5D4CC49511DA,Pelanggan-EB73C1F3,2025-02-17 01:55:49,199179,Paid,Cash,2026-04-01 00:27:52,2026-04-22 20:15:00
TRX-5079BD0FA768,KOP-5D4CC49511DA,Pelanggan-E882EC40,2025-02-11 09:51:05,82759,Paid,QRIS,2025-10-16 03:16:18,2025-10-23 06:19:31
TRX-DF5E583AA06B,KOP-5D4CC49511DA,Pelanggan-9A59EAC3,2026-04-29 13:04:41,64297,Paid,QRIS,2026-05-19 20:53:26,2025-05-08 07:34:38
TRX-428B2C0DBA90,KOP-5D4CC49511DA,Pelanggan-AA4A5EEA,2025-03-26 12:26:20,45128,Paid,Cash,2025-03-08 19:06:11,2026-04-25 01:21:57
TRX-8F6A541ECEDD,KOP-5D4CC49511DA,Pelanggan-C4D91E95,2025-11-04 14:36:42,39940,Paid,QRIS,2025-09-18 13:54:06,2025-03-25 03:45:09
TRX-D2550ECD5A6B,KOP-5D4CC49511DA,Pelanggan-C06CABA5,2026-06-13 19:54:06,75806,Paid,QRIS,2025-07-09 08:46:51,2026-05-24 17:34:48
TRX-560BAE2ECD98,KOP-5D4CC49511DA,Pelanggan-76BC6AFF,2025-12-15 08:49:12,58543,Paid,Cash,2025-12-09 03:27:06,2025-06-10 03:09:03
TRX-897EB17A70A6,KOP-5D4CC49511DA,Pelanggan-148157E4,2026-02-20 14:59:53,127242,Paid,Cash,2025-06-01 19:42:08,2026-03-17 13:07:42
TRX-6263FAA788D6,KOP-5D4CC49511DA,Pelanggan-A6A6F8E6,2026-06-27 04:51:50,195279,Paid,Cash,2025-01-02 00:30:18,2025-07-13 17:11:56
TRX-BB0AB5B452AE,KOP-5D4CC49511DA,Pelanggan-711D4E33,2026-06-09 15:10:45,158341,Paid,QRIS,2025-08-19 05:58:44,2025-02-07 18:09:26
TRX-64206FD4B051,KOP-289256142138,Pelanggan-3AB5D43A,2025-02-13 06:44:00,173992,Paid,Cash,2025-08-30 19:46:57,2026-04-04 18:53:14
TRX-868AFC760106,KOP-289256142138,Pelanggan-5C4E9DEC,2026-06-17 03:37:00,137910,Paid,QRIS,2026-04-09 15:44:19,2026-02-18 09:02:46
TRX-BA0E0546F821,KOP-289256142138,Pelanggan-DBE92259,2025-10-29 06:47:04,68652,Paid,QRIS,2026-03-22 10:38:06,2026-05-08 10:07:30
TRX-701E70915587,KOP-289256142138,Pelanggan-05D7C0CB,2026-03-21 14:47:56,149736,Paid,Cash,2026-03-29 21:37:21,2025-12-02 18:52:12
TRX-1F9605DEFD34,KOP-289256142138,Pelanggan-ED5A1D73,2026-06-24 16:14:00,121756,Paid,Cash,2025-11-10 09:21:57,2026-01-29 22:12:15
TRX-726FBF5FE096,KOP-289256142138,Pelanggan-0B368AD7,2025-11-15 23:47:47,125742,Paid,Cash,2025-07-20 22:23:35,2025-10-13 00:22:21
TRX-3DCC9BD81CE7,KOP-289256142138,Pelanggan-DAF00704,2026-06-16 02:19:32,129654,Paid,Cash,2025-07-06 05:03:52,2025-05-30 08:50:49
TRX-700DB57DA4CF,KOP-289256142138,Pelanggan-B442F4F9,2026-04-24 07:33:55,79390,Paid,Cash,2026-05-13 20:18:57,2025-10-04 01:56:17
TRX-D70D63EAB595,KOP-289256142138,Pelanggan-C0D92718,2026-05-23 18:15:25,105663,Paid,Cash,2025-02-22 09:39:59,2025-12-04 11:56:13
TRX-BB4C7D32693E,KOP-289256142138,Pelanggan-62068950,2025-01-03 01:58:12,167225,Paid,QRIS,2025-12-12 02:26:35,2025-05-15 14:24:11
TRX-DF1429607055,KOP-289256142138,Pelanggan-B4BB5E34,2025-08-18 06:01:46,128588,Paid,QRIS,2025-02-07 13:23:07,2026-02-25 03:54:33
TRX-E696FC89926B,KOP-289256142138,Pelanggan-D7A60AA7,2025-06-04 03:11:45,96503,Paid,QRIS,2026-03-30 09:06:15,2026-04-12 03:37:54
TRX-4ABC20EA8CA4,KOP-BBCA966C8835,Pelanggan-DAE2A264,2026-04-23 00:30:06,141421,Paid,Cash,2025-09-06 05:43:02,2025-12-01 16:51:58
TRX-556DF205BBA3,KOP-BBCA966C8835,Pelanggan-3E34BBC9,2026-03-10 19:18:02,118620,Paid,QRIS,2025-09-20 21:52:17,2025-03-03 07:47:01
TRX-1A9BEAD95737,KOP-BBCA966C8835,Pelanggan-EC223871,2025-05-27 09:30:25,170317,Paid,QRIS,2025-06-14 10:19:35,2026-04-24 00:48:47
TRX-25331E3EC058,KOP-BBCA966C8835,Pelanggan-ED84263A,2025-09-08 04:56:52,95605,Paid,Cash,2025-03-27 09:37:20,2026-01-01 13:47:50
TRX-DD2CDFE52B2C,KOP-BBCA966C8835,Pelanggan-ECEFD154,2025-01-23 08:56:48,34907,Paid,QRIS,2025-09-05 16:45:31,2025-10-05 07:12:07
TRX-2B5F578EB154,KOP-BBCA966C8835,Pelanggan-82B332CE,2025-11-19 03:19:41,56194,Paid,Cash,2025-07-30 04:29:43,2025-03-16 12:15:13
TRX-908136F41F6A,KOP-BBCA966C8835,Pelanggan-22F0272C,2025-01-12 17:47:48,119399,Paid,Cash,2025-09-11 14:38:12,2025-07-28 01:55:15
TRX-874CB2032D2B,KOP-BBCA966C8835,Pelanggan-028E30F3,2026-03-25 23:48:39,131104,Paid,Cash,2026-01-10 07:17:16,2025-09-29 04:57:17
TRX-1842D6DF93FB,KOP-BBCA966C8835,Pelanggan-DE76FC5A,2026-02-28 03:06:16,57137,Paid,QRIS,2025-12-04 11:27:13,2025-08-03 15:58:06
TRX-F24ADA86F328,KOP-BBCA966C8835,Pelanggan-4A6C76D3,2025-04-20 09:49:11,159947,Paid,QRIS,2025-02-02 06:39:42,2025-07-16 04:51:46
TRX-93D3BF8AAE03,KOP-BBCA966C8835,Pelanggan-E3850545,2025-12-08 23:28:40,74068,Paid,Cash,2026-06-05 18:51:18,2025-01-31 12:14:08
TRX-78194EA9073F,KOP-BBCA966C8835,Pelanggan-984F21A8,2025-09-23 10:43:45,114558,Paid,Cash,2026-01-02 06:35:02,2025-10-15 17:14:04
TRX-798C239A7104,KOP-BBCA966C8835,Pelanggan-0A539AB0,2025-09-09 01:14:06,173957,Paid,QRIS,2026-03-14 10:16:43,2025-02-24 01:46:37
TRX-B1B3A9F8C59F,KOP-DE8D10000BBC,Pelanggan-28B28A6B,2026-03-02 18:37:15,166255,Paid,Cash,2025-05-17 04:06:27,2025-06-26 02:11:14
TRX-001579B5CF4F,KOP-DE8D10000BBC,Pelanggan-D22D5AF2,2026-02-09 13:51:42,141135,Paid,QRIS,2026-06-02 09:30:44,2025-06-17 01:10:49
TRX-19C3222E8074,KOP-DE8D10000BBC,Pelanggan-42AA66A1,2025-01-15 23:21:40,122827,Paid,QRIS,2025-08-17 17:46:47,2025-06-23 08:58:54
TRX-B70BED77324E,KOP-DE8D10000BBC,Pelanggan-A727C736,2025-10-07 16:38:14,177017,Paid,QRIS,2026-04-27 15:54:14,2025-08-07 17:49:56
TRX-1AD5070AF194,KOP-DE8D10000BBC,Pelanggan-C9007FED,2026-04-26 21:52:30,170675,Paid,Cash,2026-02-04 16:09:00,2026-03-21 00:34:39
TRX-A7C66810B51E,KOP-DE8D10000BBC,Pelanggan-4BA0236D,2025-11-21 00:09:42,47099,Paid,QRIS,2025-08-24 20:44:44,2025-02-27 08:36:23
TRX-D3E4A47212C5,KOP-DE8D10000BBC,Pelanggan-E785D432,2026-01-28 15:29:35,185865,Paid,Cash,2026-03-06 07:41:58,2026-01-01 11:11:12
